timestamp,infile_mtx,n,nnz,pe_grid,channels,matrix_symmetric,search_idx,source,rounds_completed,profiled_rounds,max_rounds,correctness_ok,h2d_seed_max_cycles,d2h_max_cycles,search_time_cycles,visited_count,m_edges_traversed,m_convention,clock_freq_hz,search_time_seconds,gteps,visited_bcast_min_cycles,visited_bcast_max_cycles,visited_bcast_avg_cycles,vertical_bcast_min_cycles,vertical_bcast_max_cycles,vertical_bcast_avg_cycles,local_compute_min_cycles,local_compute_max_cycles,local_compute_avg_cycles,reduce_min_cycles,reduce_max_cycles,reduce_avg_cycles,local_term_cond_min_cycles,local_term_cond_max_cycles,local_term_cond_avg_cycles,relay_col_reduce_min_cycles,relay_col_reduce_max_cycles,relay_col_reduce_avg_cycles,relay_row_reduce_min_cycles,relay_row_reduce_max_cycles,relay_row_reduce_avg_cycles,relay_row_bcast_min_cycles,relay_row_bcast_max_cycles,relay_row_bcast_avg_cycles,relay_col_bcast_min_cycles,relay_col_bcast_max_cycles,relay_col_bcast_avg_cycles,relay_total_min_cycles,relay_total_max_cycles,relay_total_avg_cycles
2026-07-11T15:10:31.126500+00:00,rmat4.4x4.lb.mtx,16,108,4x4,1,False,0,15,4,4,10,True,1486,2432,23557,16,108,directed_source_visited,875000000.0,2.6922285714285714e-05,0.00401154646177357,346;355;355;355,523;364;364;364,474.5;359.8;359.8;359.8,356;355;355;355,368;368;368;368,362.2;362.2;362.2;362.2,704;704;869;704,857;1035;1120;893,756.1;848.8;1005.0;764.8,581;581;581;581,951;1009;1049;988,683.5;702.9;700.3;690.9,46;46;46;46,100;101;101;100,59.5;59.7;59.6;59.5,575;575;575;575,1084;1178;1116;1117,720.9;711.9;724.1;721.8,575;575;575;575,975;1246;993;935,684.1;777.2;690.6;690.8,354;354;354;354,814;981;955;923,505.1;522.1;516.1;532.3,357;357;357;357,705;531;776;727,555.8;454.5;578.2;538.0,2209;2059;2255;2204,2611;2695;2734;2640,2465.9;2465.6;2509.1;2482.8
2026-07-11T15:10:40.881500+00:00,rmat4.4x4.lb.mtx,16,108,4x4,1,False,1,8,3,3,10,True,1485,2432,18471,16,108,directed_source_visited,875000000.0,2.1109714285714287e-05,0.005116127984407992,346;355;355,523;364;364,474.5;359.8;359.8,356;355;355,368;368;368,362.2;362.2;362.2,704;895;704,985;1148;943,790.2;1010.6;826.1,581;581;581,1123;1044;1015,709.5;691.2;707.9,46;46;46,101;101;100,59.7;59.6;59.5,575;575;575,1289;1111;1183,740.3;727.1;716.1,575;575;575,988;907;1007,688.2;685.6;721.9,354;354;354,1102;868;935,568.6;507.5;522.4,357;357;357,760;665;655,556.5;521.5;510.0,2144;2156;2204,2759;2630;2682,2553.6;2441.7;2470.4
2026-07-11T15:10:51.760507+00:00,rmat4.4x4.lb.mtx,16,108,4x4,1,False,2,11,4,4,10,True,1486,2432,23289,16,108,directed_source_visited,875000000.0,2.6616e-05,0.0040577096483318306,346;355;355;355,523;364;364;364,474.5;359.8;359.8;359.8,356;355;355;355,368;368;368;368,362.2;362.2;362.2;362.2,704;704;821;704,857;947;1134;910,756.1;811.0;996.4;813.9,581;581;581;581,917;947;1059;919,679.9;701.5;708.5;698.8,46;46;46;46,100;101;101;100,59.5;59.6;59.6;59.5,575;575;575;575,1085;1066;1242;1105,710.0;711.9;726.1;713.8,575;575;575;575,907;1075;956;989,697.7;700.9;702.8;702.4,354;354;354;354,895;870;1032;781,521.8;519.2;529.1;500.4,357;357;357;357,677;749;654;692,541.0;587.8;517.5;564.2,2204;2284;2204;2256,2612;2667;2741;2604,2470.5;2519.9;2475.5;2480.8
2026-07-11T15:11:02.419598+00:00,rmat4.4x4.lb.mtx,16,108,4x4,1,False,3,3,4,4,10,True,1486,2432,23132,16,108,directed_source_visited,875000000.0,2.643657142857143e-05,0.004085249870309528,346;355;355;355,523;364;364;364,474.5;359.8;359.8;359.8,356;355;355;355,368;368;368;368,362.2;362.2;362.2;362.2,704;771;843;704,857;1035;1120;843,766.2;891.6;974.0;754.4,581;581;581;581,875;946;988;937,683.3;684.3;703.9;679.2,46;46;46;46,101;101;100;100,59.6;59.7;59.5;59.5,575;575;575;575,1036;1155;1143;1078,688.4;707.4;721.1;717.5,575;575;575;575,989;972;988;975,706.4;695.4;722.4;684.1,354;354;354;354,781;806;1024;806,499.1;511.6;523.8;505.3,357;357;357;357,631;698;651;712,514.0;553.0;534.2;559.0,2195;2231;2215;2217,2535;2654;2766;2601,2407.9;2467.4;2501.6;2465.9
2026-07-11T15:11:12.940124+00:00,rmat4.4x4.lb.mtx,16,108,4x4,1,False,4,2,4,4,10,True,1486,2431,22847,16,108,directed_source_visited,875000000.0,2.611085714285714e-05,0.004136210443384252,346;355;355;355,523;364;364;364,474.5;359.8;359.8;359.8,356;355;355;355,368;368;368;368,362.2;362.2;362.2;362.2,704;704;869;704,857;971;1103;843,766.2;871.8;981.9;762.8,581;581;581;581,875;950;955;872,683.3;676.9;710.0;681.0,46;46;46;46,100;101;100;100,59.5;59.7;59.5;59.5,575;575;575;575,1035;1105;1208;1025,688.4;703.9;734.6;687.7,575;575;575;575,989;908;984;989,706.3;692.9;705.2;704.1,354;354;354;354,781;935;1012;781,499.0;521.8;518.8;497.8,357;357;357;357,630;710;683;630,513.2;558.0;544.0;513.2,2194;2212;2247;2194,2534;2660;2729;2524,2406.9;2476.6;2502.6;2402.8
2026-07-11T15:11:23.468983+00:00,rmat4.4x4.lb.mtx,16,108,4x4,1,False,5,12,3,3,10,True,1486,2432,18088,16,108,directed_source_visited,875000000.0,2.0672e-05,0.005224458204334365,346;355;355,523;364;364,474.5;359.8;359.8,356;355;355,368;368;368,362.2;362.2;362.2,704;843;704,985;1134;941,790.2;1010.2;823.2,581;581;581,1005;936;997,721.5;680.8;691.2,46;46;46,101;101;100,59.7;59.6;59.5,575;575;575,1103;1123;1165,729.6;706.9;720.2,575;575;575,1020;987;980,684.8;707.1;689.1,354;354;354,892;877;977,508.9;502.8;533.9,357;357;357,654;513;708,548.2;447.8;528.8,2218;2077;2204,2689;2594;2664,2471.6;2364.5;2472.0
2026-07-11T15:11:33.341407+00:00,rmat4.4x4.lb.mtx,16,108,4x4,1,False,6,5,3,3,10,True,1486,2431,18628,16,108,directed_source_visited,875000000.0,2.128914285714286e-05,0.005073008374490014,346;355;355,523;364;364,474.5;359.8;359.8,356;355;355,368;368;368,362.2;362.2;362.2,704;835;704,937;1148;1039,777.4;959.9;902.3,581;581;581,1009;1111;1095,700.1;713.2;710.8,46;46;46,101;101;100,59.6;59.7;59.5,575;575;575,1178;1153;1263,718.2;732.1;713.2,575;575;575,988;1054;909,718.3;691.0;683.6,354;354;354,1000;902;887,535.9;514.1;535.2,357;357;357,734;700;677,549.5;534.0;539.2,2204;2156;2204,2705;2679;2762,2521.9;2471.2;2471.4
2026-07-11T15:11:43.192721+00:00,rmat4.4x4.lb.mtx,16,108,4x4,1,False,7,4,3,3,10,True,1486,2433,18596,16,108,directed_source_visited,875000000.0,2.125257142857143e-05,0.005081738008173801,346;355;355,523;364;364,474.5;359.8;359.8,356;355;355,368;368;368,362.2;362.2;362.2,704;869;704,1049;1182;941,794.2;1023.9;796.1,581;581;581,1164;1063;997,719.2;703.5;702.5,46;46;46,101;101;100,59.7;59.6;59.5,575;575;575,1310;1082;1165,754.7;717.0;727.2,575;575;575,1259;1026;907,784.8;695.2;681.8,354;354;354,1000;782;971,540.4;498.8;537.7,357;357;357,495;674;685,438.0;549.0;541.2,2059;2214;2204,2737;2632;2688,2517.9;2460.0;2487.9
2026-07-11T15:11:53.624373+00:00,rmat4.4x4.lb.mtx,16,108,4x4,1,False,8,10,3,3,10,True,1485,2432,18399,16,108,directed_source_visited,875000000.0,2.102742857142857e-05,0.0051361487037338985,346;355;355,523;364;364,474.5;359.8;359.8,356;355;355,368;368;368,362.2;362.2;362.2,704;728;771,921;1114;1089,769.2;923.5;941.0,581;581;581,1008;1018;1078,696.6;739.1;698.1,46;46;46,100;101;100,59.5;59.7;59.5,575;575;575,1149;1084;1243,736.2;731.1;723.9,575;575;575,907;999;907,683.2;701.6;690.9,354;354;354,959;852;937,540.7;490.9;537.8,357;357;357,741;537;727,544.5;474.0;573.8,2204;2101;2235,2676;2581;2773,2504.7;2397.7;2526.4
2026-07-11T15:12:03.902618+00:00,rmat4.4x4.lb.mtx,16,108,4x4,1,False,9,13,3,3,10,True,1486,2432,18071,16,108,directed_source_visited,875000000.0,2.0652571428571427e-05,0.005229373028609374,346;355;355,523;364;364,474.5;359.8;359.8,356;355;355,368;368;368,362.2;362.2;362.2,704;835;771,947;1083;1027,781.4;962.3;899.8,581;581;581,1011;961;959,693.9;690.4;688.1,46;46;46,101;101;100,59.6;59.7;59.5,575;575;575,1126;1130;1142,734.6;713.5;703.7,575;575;575,1068;986;975,690.8;722.2;688.9,354;354;354,941;966;808,529.8;499.4;507.3,357;357;357,832;522;668,602.0;426.5;542.8,2276;2086;2229,2738;2561;2641,2557.2;2361.6;2442.7
2026-07-11T15:12:14.742510+00:00,rmat4.4x4.lb.mtx,16,108,4x4,1,False,10,14,4,4,10,True,1486,2459,23253,16,108,directed_source_visited,875000000.0,2.6574857142857142e-05,0.004063991743000903,346;355;355;355,523;364;364;364,474.5;359.8;359.8;359.8,356;355;355;355,368;368;368;368,362.2;362.2;362.2;362.2,704;835;771;704,921;1083;1053;843,770.2;942.2;924.9;754.4,581;581;581;581,1011;960;1019;937,685.4;700.3;700.6;679.2,46;46;46;46,100;101;100;100,59.5;59.7;59.5;59.5,575;575;575;575,1126;1128;1160;1078,724.9;722.0;711.1;717.5,575;575;575;575,985;1022;920;975,685.7;717.4;684.1;684.1,354;354;354;354,824;964;901;806,502.0;505.1;531.6;505.3,357;357;357;357,700;521;691;712,532.2;426.2;546.2;559.0,2144;2085;2204;2217,2606;2560;2685;2601,2444.8;2370.8;2473.0;2465.9
2026-07-11T15:12:25.002821+00:00,rmat4.4x4.lb.mtx,16,108,4x4,1,False,11,0,3,3,10,True,1486,2433,18221,16,108,directed_source_visited,875000000.0,2.0824e-05,0.005186323472915867,346;355;355,523;364;364,474.5;359.8;359.8,356;355;355,368;368;368,362.2;362.2;362.2,704;910;704,1049;1168;893,802.2;1035.9;773.2,581;581;581,995;988;988,724.5;706.9;689.0,46;46;46,101;101;100,59.7;59.6;59.5,575;575;575,1164;1144;1117,703.4;725.3;726.0,575;575;575,1081;984;940,721.1;717.8;688.4,354;354;354,817;977;923,505.1;521.1;523.9,357;357;357,559;666;727,461.0;535.5;538.0,2123;2230;2204,2595;2762;2640,2390.6;2499.6;2476.3
2026-07-11T15:12:35.098687+00:00,rmat4.4x4.lb.mtx,16,108,4x4,1,False,12,1,3,3,10,True,1486,2431,17833,16,108,directed_source_visited,875000000.0,2.0380571428571427e-05,0.005299164470363933,346;355;355,523;364;364,474.5;359.8;359.8,356;355;355,368;368;368,362.2;362.2;362.2,704;795;821,921;1069;1089,777.4;940.7;925.1,581;581;581,910;907;1032,690.8;676.9;702.9,46;46;46,101;101;100,59.6;59.7;59.5,575;575;575,1035;1077;1161,693.2;710.8;744.8,575;575;575,1002;974;977,703.4;712.8;694.5,354;354;354,781;861;955,487.9;497.9;511.2,357;357;357,509;497;765,435.8;436.2;569.0,2073;2061;2253,2466;2562;2734,2320.3;2357.8;2519.5
2026-07-11T15:12:45.630987+00:00,rmat4.4x4.lb.mtx,16,108,4x4,1,False,13,7,4,4,10,True,1486,2431,23282,16,108,directed_source_visited,875000000.0,2.6608e-05,0.004058929645219483,346;355;355;355,523;364;364;364,474.5;359.8;359.8;359.8,356;355;355;355,368;368;368;368,362.2;362.2;362.2;362.2,704;704;843;704,921;1083;1103;843,765.2;873.8;977.2;754.4,581;581;581;581,958;1087;957;937,692.8;750.1;688.9;679.2,46;46;46;46,101;101;100;100,59.6;59.6;59.5;59.5,575;575;575;575,1104;1058;1162;1078,714.1;699.8;725.7;717.5,575;575;575;575,1053;989;973;975,728.3;696.0;716.8;684.1,354;354;354;354,939;781;997;806,504.5;497.4;532.2;505.3,357;357;357;357,488;634;666;712,413.5;512.2;522.8;559.0,2052;2196;2219;2217,2524;2562;2731;2601,2360.4;2405.4;2497.4;2465.9
2026-07-11T15:12:55.697070+00:00,rmat4.4x4.lb.mtx,16,108,4x4,1,False,14,9,3,3,10,True,1485,2432,18219,16,108,directed_source_visited,875000000.0,2.0821714285714285e-05,0.00518689280421538,346;355;355,523;364;364,474.5;359.8;359.8,356;355;355,368;368;368,362.2;362.2;362.2,704;821;728,937;1148;1010,789.4;987.2;850.6,581;581;581,1008;961;999,708.8;689.0;709.2,46;46;46,101;101;100,59.6;59.6;59.5,575;575;575,1146;1220;1066,741.2;713.2;719.2,575;575;575,907;977;1017,680.8;700.0;687.3,354;354;354,959;790;890,524.7;510.5;523.4,357;357;357,544;682;703,457.5;558.5;562.8,2108;2246;2241,2608;2719;2687,2404.2;2482.2;2492.6
2026-07-11T15:13:06.203134+00:00,rmat4.4x4.lb.mtx,16,108,4x4,1,False,15,6,3,3,10,True,1486,2432,18227,16,108,directed_source_visited,875000000.0,2.0830857142857144e-05,0.00518461622867175,346;355;355,523;364;364,474.5;359.8;359.8,356;355;355,368;368;368,362.2;362.2;362.2,704;821;728,985;1131;1027,774.2;956.8;908.3,581;581;581,912;1042;956,694.3;693.4;700.6,46;46;46,100;101;100,59.5;59.7;59.5,575;575;575,1049;1239;1098,697.0;730.5;702.0,575;575;575,988;908;972,718.8;697.9;685.8,354;354;354,939;967;807,528.9;542.0;518.3,357;357;357,716;713;722,568.2;559.8;569.5,2280;2207;2284,2687;2741;2604,2512.9;2530.1;2475.6
2026-07-11T15:17:57.876235+00:00,rmat_s8_e4.mtx,256,1490,8x8,1,True,0,186,5,5,15,True,2356,20434,90366,189,743,undirected_dedup,875000000.0,0.00010327542857142857,0.0071943540712214775,377;385;385;385;385,1521;402;402;402;402,1361.9;393.4;393.4;393.4;393.4,389;385;385;385;385,398;406;406;406;406,394.0;394.2;394.2;394.2;394.2,2072;2072;2072;2072;2072,4328;5689;9743;5089;4328,2844.5;3001.5;3659.6;3047.7;2842.8,612;612;612;612;612,1968;2836;4598;2208;1974,1095.6;1404.6;1911.6;1173.2;1099.7,47;47;47;47;47,1148;1244;1196;1148;1144,184.3;190.7;189.0;184.2;184.1,575;575;575;575;575,2918;3974;7110;3491;2914,1325.5;1482.5;2530.2;1453.0;1324.6,575;575;575;575;575,2149;3134;4266;2322;2152,1030.1;1279.0;1737.0;1151.4;1029.5,357;357;357;357;357,2423;3486;4540;2596;2426,1031.6;1287.5;1632.1;1104.6;1031.6,357;357;357;357;357,1821;2917;5848;2246;1817,790.0;1116.5;2080.9;948.2;789.0,2024;2024;2024;2024;2024,5329;6790;10724;6046;5329,4177.2;5165.5;7980.2;4657.2;4174.7
2026-07-11T15:18:51.849777+00:00,rmat_s8_e4.mtx,256,1490,8x8,1,True,1,114,5,5,15,True,2356,20441,90393,189,743,undirected_dedup,875000000.0,0.00010330628571428572,0.007192205148628766,377;385;385;385;385,1521;402;402;402;402,1361.9;393.4;393.4;393.4;393.4,389;385;385;385;385,398;406;406;406;406,394.0;394.2;394.2;394.2;394.2,2072;2072;2072;2072;2072,4328;5689;9359;5567;4328,2842.0;2930.7;3631.2;3143.2;2844.9,612;612;612;612;612,1968;2836;4344;2309;1974,1098.1;1384.0;1865.8;1252.9;1099.4,47;47;47;47;47,1148;1228;1204;1148;1144,184.2;189.6;190.2;184.3;184.1,575;575;575;575;575,2918;3972;6871;3873;2914,1325.2;1475.9;2469.3;1561.6;1322.8,575;575;575;575;575,2149;3597;3856;2174;2152,1030.3;1303.3;1674.6;1187.4;1029.5,357;357;357;357;357,2423;3871;4130;2776;2426,1031.4;1351.4;1541.7;1153.5;1031.6,357;357;357;357;357,1821;2901;5591;2590;1817,790.5;1111.5;1999.6;1057.5;789.0,2024;2024;2024;2024;2024,5329;6774;10356;6524;5329,4177.3;5242.1;7685.2;4959.9;4172.9
2026-07-11T15:19:53.872045+00:00,rmat_s8_e4.mtx,256,1490,8x8,1,True,2,152,5,5,15,True,2357,20434,90202,189,743,undirected_dedup,875000000.0,0.000103088,0.007207434424957318,377;385;385;385;385,1521;402;402;402;402,1361.9;393.4;393.4;393.4;393.4,389;385;385;385;385,398;406;406;406;406,394.0;394.2;394.2;394.2;394.2,2072;2072;2072;2072;2072,4328;6467;9162;4887;4328,2853.3;3080.7;3634.4;2987.1;2842.8,612;612;612;612;612,1968;3387;3842;2218;1974,1132.9;1523.5;1778.4;1162.9;1099.7,47;47;47;47;47,1160;1228;1184;1148;1144,184.8;191.2;188.0;184.2;184.1,575;575;575;575;575,2986;4445;6852;3308;2914,1346.5;1589.3;2481.2;1423.1;1324.6,575;575;575;575;575,2007;3938;3524;2400;2152,1035.9;1425.9;1606.4;1128.0;1029.5,357;357;357;357;357,2218;4212;3798;2736;2426,1000.6;1449.7;1457.5;1115.2;1031.6,357;357;357;357;357,1889;3443;5519;2027;1817,815.5;1264.0;2017.5;859.9;789.0,2024;2024;2024;2024;2024,5397;7552;10147;5844;5329,4198.6;5729.0;7562.6;4526.1;4174.7
2026-07-11T15:20:50.389229+00:00,rmat_s8_e4.mtx,256,1490,8x8,1,True,3,74,5,5,15,True,2357,20434,89912,189,743,undirected_dedup,875000000.0,0.00010275657142857143,0.007230681110419076,377;385;385;385;385,1521;402;402;402;402,1361.9;393.4;393.4;393.4;393.4,389;385;385;385;385,398;406;406;406;406,394.0;394.2;394.2;394.2;394.2,2072;2072;2072;2072;2072,4328;6686;9149;4610;4328,2852.3;3108.6;3630.1;2961.8;2842.8,612;612;612;612;612,1968;3086;4279;1974;1974,1096.9;1554.3;1802.1;1119.9;1099.7,47;47;47;47;47,1160;1236;1192;1148;1144,184.8;191.7;187.6;184.2;184.1,575;575;575;575;575,2930;4753;6604;3196;2914,1330.3;1606.7;2465.5;1423.0;1324.6,575;575;575;575;575,2103;3922;3593;2116;2152,1021.3;1455.4;1643.8;1048.4;1029.5,357;357;357;357;357,2435;4196;3867;2312;2426,1034.9;1459.0;1472.9;1032.0;1031.6,357;357;357;357;357,1829;3731;5317;1965;1817,793.0;1375.8;1940.4;814.0;789.0,2024;2024;2024;2024;2024,5341;7779;10126;5567;5329,4179.6;5896.8;7522.6;4317.4;4174.7
2026-07-11T15:21:49.025624+00:00,rmat_s8_e4.mtx,256,1490,8x8,1,True,4,180,5,5,15,True,2357,20434,90722,189,743,undirected_dedup,875000000.0,0.00010368228571428571,0.007166122880888869,377;385;385;385;385,1521;402;402;402;402,1361.9;393.4;393.4;393.4;393.4,389;385;385;385;385,398;406;406;406;406,394.0;394.2;394.2;394.2;394.2,2072;2072;2072;2072;2072,4328;5689;9799;5322;4328,2844.5;2967.0;3647.5;3085.8;2844.9,612;612;612;612;612,1968;2563;4650;2206;1974,1096.2;1354.7;1970.8;1190.2;1099.4,47;47;47;47;47,1148;1236;1200;1148;1144,184.3;190.0;189.6;184.3;184.1,575;575;575;575;575,2918;3980;7207;3787;2914,1324.9;1475.8;2561.1;1524.4;1322.8,575;575;575;575;575,2149;3555;4013;2152;2152,1029.8;1299.0;1727.6;1159.6;1029.5,357;357;357;357;357,2423;3879;4287;2921;2426,1031.4;1354.9;1581.5;1167.8;1031.6,357;357;357;357;357,1821;2909;5925;2506;1817,790.5;1113.0;2126.2;1027.2;789.0,2024;2024;2024;2024;2024,5289;6782;10788;6323;5329,4176.6;5242.7;7996.4;4879.1;4172.9
2026-07-11T15:22:43.993585+00:00,rmat_s8_e4.mtx,256,1490,8x8,1,True,5,140,5,5,15,True,2356,20434,89981,189,743,undirected_dedup,875000000.0,0.00010283542857142858,0.0072251364176881775,377;385;385;385;385,1521;402;402;402;402,1361.9;393.4;393.4;393.4;393.4,389;385;385;385;385,398;406;406;406;406,394.0;394.2;394.2;394.2;394.2,2072;2072;2072;2072;2072,4328;6462;9306;4658;4328,2849.8;3073.8;3638.2;2986.6;2841.8,612;612;612;612;612,1968;3235;4102;2124;1974,1122.3;1524.6;1839.5;1121.9;1099.7,47;47;47;47;47,1156;1240;1184;1148;1144,184.6;191.2;188.2;184.2;184.1,575;575;575;575;575,2926;4678;6678;3177;2914,1340.9;1740.2;2327.9;1404.6;1325.7,575;575;575;575;575,2007;2924;4179;2106;2152,1021.8;1409.2;1636.7;1074.0;1029.5,357;357;357;357;357,2222;3198;4787;2353;2426,997.8;1284.2;1669.3;1034.4;1031.6,357;357;357;357;357,1829;3462;5571;1965;1817,792.5;1308.1;1999.5;825.8;789.0,2024;2024;2024;2024;2024,5337;7559;10283;5609;5329,4152.9;5741.8;7633.5;4338.7;4175.8
2026-07-11T15:23:41.627278+00:00,rmat_s8_e4.mtx,256,1490,8x8,1,True,6,226,6,6,15,True,2356,20434,104862,189,743,undirected_dedup,875000000.0,0.00011984228571428571,0.006199814994945738,377;385;385;385;385;385,1521;402;402;402;402;402,1361.9;393.4;393.4;393.4;393.4;393.4,389;385;385;385;385;385,398;406;406;406;406;406,394.0;394.2;394.2;394.2;394.2;394.2,2072;2072;2072;2072;2072;2072,4328;4328;5954;10220;4521;4328,2843.3;2859.2;3149.8;3618.9;2927.0;2841.8,612;612;612;612;612;612,1968;1974;3305;4819;1974;1974,1097.8;1082.2;1457.5;1943.3;1116.5;1100.7,47;47;47;47;47;47,1148;1160;1264;1184;1148;1144,184.2;184.9;192.0;187.1;184.2;184.1,575;575;575;575;575;575,2914;2918;4337;7482;3171;2914,1324.4;1327.9;1714.1;2479.9;1419.0;1324.6,575;575;575;575;575;575,2145;2156;2597;5613;2007;2152,1028.5;1029.8;1274.4;1830.3;1052.0;1029.5,357;357;357;357;357;357,2419;2430;2322;6061;2202;2426,1030.4;1033.8;1074.0;1948.4;1005.6;1031.6,357;357;357;357;357;357,1817;1817;3258;6175;2007;1817,789.0;787.5;1249.6;2189.6;854.0;789.0,2024;2024;2024;2024;2024;2024,5282;5333;7139;11181;5542;5329,4172.3;4179.0;5312.1;8448.2;4330.7;4174.7
2026-07-11T15:24:41.965182+00:00,rmat_s8_e4.mtx,256,1490,8x8,1,True,7,41,5,5,15,True,2357,20434,90395,189,743,undirected_dedup,875000000.0,0.00010330857142857143,0.007192046020244482,377;385;385;385;385,1521;402;402;402;402,1361.9;393.4;393.4;393.4;393.4,389;385;385;385;385,398;406;406;406;406,394.0;394.2;394.2;394.2;394.2,2072;2072;2072;2072;2072,4328;5701;9262;5463;4328,2848.8;2974.4;3572.2;3152.9;2850.2,612;612;612;612;612,1968;2737;4487;2620;1974,1091.3;1291.0;1981.6;1204.3;1102.7,47;47;47;47;47,1152;1224;1204;1152;1144,184.6;189.1;190.0;184.6;184.1,575;575;575;575;575,2922;4069;6689;3784;2914,1326.3;1508.1;2440.0;1525.0;1342.7,575;575;575;575;575,2153;3597;3576;2337;2018,1030.3;1318.0;1644.3;1167.6;1024.1,357;357;357;357;357,2427;3871;3783;2903;2292,1032.3;1358.1;1450.3;1194.2;1008.6,357;357;357;357;357,1825;2921;5430;2618;1817,792.0;1107.8;2004.9;1007.8;789.0,2024;2024;2024;2024;2024,5333;6774;10267;6440;5329,4181.0;5292.0;7539.5;4894.6;4164.4
2026-07-11T15:25:38.569301+00:00,rmat_s8_e4.mtx,256,1490,8x8,1,True,8,130,5,5,15,True,2356,20434,90875,189,743,undirected_dedup,875000000.0,0.00010385714285714286,0.007154057771664375,377;385;385;385;385,1521;402;402;402;402,1361.9;393.4;393.4;393.4;393.4,389;385;385;385;385,398;406;406;406;406,394.0;394.2;394.2;394.2;394.2,2072;2072;2072;2072;2072,4633;7823;8133;4395;4328,2859.6;3170.3;3595.3;2912.3;2842.8,612;612;612;612;612,1985;4284;3553;1974;1974,1159.6;1679.2;1647.5;1098.0;1099.7,47;47;47;47;47,1180;1236;1192;1148;1144,185.2;191.9;186.9;184.2;184.1,575;575;575;575;575,3326;5627;5812;2981;2914,1420.8;1840.9;2288.1;1349.9;1324.6,575;575;575;575;575,2015;5386;3033;2037;2152,1120.8;1621.3;1475.9;1010.7;1029.5,357;357;357;357;357,2238;5660;2914;2261;2426,1022.6;1777.0;1232.5;1013.5;1031.6,357;357;357;357;357,2221;4558;4446;1884;1817,941.0;1599.8;1688.1;799.8;789.0,2024;2024;2024;2024;2024,5737;8870;9098;5352;5329,4505.2;6839.0;6684.6;4173.8;4174.7
2026-07-11T15:26:36.460770+00:00,rmat_s8_e4.mtx,256,1490,8x8,1,True,9,3,5,5,15,True,2356,20434,90298,189,743,undirected_dedup,875000000.0,0.00010319771428571428,0.007199771866486522,377;385;385;385;385,1521;402;402;402;402,1361.9;393.4;393.4;393.4;393.4,389;385;385;385;385,398;406;406;406;406,394.0;394.2;394.2;394.2;394.2,2072;2072;2072;2072;2072,4729;7833;7939;4328;4328,2864.3;3245.8;3544.3;2901.8;2841.8,612;612;612;612;612,2049;3876;3712;1974;1974,1155.7;1729.7;1619.4;1110.5;1099.7,47;47;47;47;47,1176;1240;1180;1148;1144,185.5;191.9;186.7;184.2;184.1,575;575;575;575;575,3339;5699;5564;2939;2914,1395.5;1936.2;2165.4;1356.3;1325.7,575;575;575;575;575,2570;4273;2971;2007;2152,1106.7;1564.7;1470.6;1014.7;1029.5,357;357;357;357;357,2844;4547;3245;2202;2426,1123.9;1582.6;1321.0;991.8;1031.6,357;357;357;357;357,2089;4494;4442;1775;1817,891.0;1651.5;1609.1;767.0;789.0,2024;2024;2024;2024;2024,5750;8892;8900;5290;5329,4517.1;6735.0;6566.0;4129.9;4175.8
2026-07-11T15:27:36.005292+00:00,rmat_s8_e4.mtx,256,1490,8x8,1,True,10,101,6,6,15,True,2356,20434,105458,189,743,undirected_dedup,875000000.0,0.00012052342857142857,0.006164776498700905,377;385;385;385;385;385,1521;402;402;402;402;402,1361.9;393.4;393.4;393.4;393.4;393.4,389;385;385;385;385;385,398;406;406;406;406;406,394.0;394.2;394.2;394.2;394.2;394.2,2072;2072;2072;2072;2072;2072,4328;5127;9207;6599;4328;4328,2844.0;2899.4;3459.5;3320.8;2869.7;2841.8,612;612;612;612;612;612,1968;2456;5021;2850;1974;1974,1096.1;1145.1;1989.8;1407.4;1093.4;1099.7,47;47;47;47;47;47,1156;1204;1224;1168;1148;1144,184.3;187.2;191.1;185.5;184.2;184.1,575;575;575;575;575;575,2914;3817;6621;4738;2914;2914,1325.5;1447.4;2236.8;1880.7;1330.5;1325.7,575;575;575;575;575;575,2145;2212;4677;2406;2085;2152,1028.3;1185.9;1725.0;1300.5;1014.5;1029.5,357;357;357;357;357;357,2419;3329;4951;2788;2359;2426,1030.4;1217.7;1701.1;1186.9;1020.1;1031.6,357;357;357;357;357;357,1817;2712;5549;3281;1817;1817,789.0;1121.6;1945.1;1290.6;789.0;789.0,2024;2024;2024;2024;2024;2024,5325;6232;10232;7556;5265;5329,4173.2;4972.6;7608.0;5658.7;4154.1;4175.8
2026-07-11T15:28:37.395002+00:00,rmat_s8_e4.mtx,256,1490,8x8,1,True,11,205,6,6,15,True,2356,20434,103682,189,743,undirected_dedup,875000000.0,0.00011849371428571428,0.00627037479986883,377;385;385;385;385;385,1521;402;402;402;402;402,1361.9;393.4;393.4;393.4;393.4;393.4,389;385;385;385;385;385,398;406;406;406;406;406,394.0;394.2;394.2;394.2;394.2;394.2,2072;2072;2072;2072;2072;2072,4328;4329;6844;9141;4356;4328,2842.0;2858.1;3191.3;3586.3;2913.4;2842.8,612;612;612;612;612;612,1968;1974;3579;4060;1974;1974,1099.3;1104.5;1680.1;1700.8;1121.0;1099.7,47;47;47;47;47;47,1148;1164;1248;1184;1148;1144,184.2;185.1;192.1;186.8;184.2;184.1,575;575;575;575;575;575,2914;2979;4828;6670;3006;2914,1323.9;1332.7;1768.7;2340.3;1365.4;1324.6,575;575;575;575;575;575,2145;2155;2976;4481;2007;2152,1028.8;1026.5;1442.8;1668.0;1021.2;1029.5,357;357;357;357;357;357,2419;2491;3250;4755;2202;2426,1030.4;1047.6;1299.3;1660.9;996.0;1031.6,357;357;357;357;357;357,1817;1882;3593;5486;1842;1817,789.0;811.9;1347.1;1975.4;792.1;789.0,2024;2024;2024;2024;2024;2024,5325;5394;7949;10102;5377;5329,4172.1;4218.7;5857.9;7644.5;4174.8;4174.7
2026-07-11T15:29:44.836819+00:00,rmat_s8_e4.mtx,256,1490,8x8,1,True,12,46,6,6,15,True,2357,20434,103581,189,743,undirected_dedup,875000000.0,0.00011837828571428571,0.006276488931367723,377;385;385;385;385;385,1521;402;402;402;402;402,1361.9;393.4;393.4;393.4;393.4;393.4,389;385;385;385;385;385,398;406;406;406;406;406,394.0;394.2;394.2;394.2;394.2;394.2,2072;2072;2072;2072;2072;2072,4328;4729;8583;7066;4328;4328,2843.3;2874.0;3293.0;3494.0;2886.2;2841.8,612;612;612;612;612;612,1968;2055;4537;3004;1974;1974,1096.8;1180.8;1882.9;1453.0;1092.9;1099.7,47;47;47;47;47;47,1148;1180;1232;1176;1148;1144,184.2;185.7;192.2;186.1;184.2;184.1,575;575;575;575;575;575,2918;3351;6281;4885;2914;2914,1325.3;1432.0;2094.0;2032.0;1324.9;1325.7,575;575;575;575;575;575,2149;2252;4995;2270;2018;2152,1030.3;1100.6;1686.4;1280.8;1015.5;1029.5,357;357;357;357;357;357,2423;2526;5269;2506;2292;2426,1031.6;1070.3;1737.7;1142.2;1008.6;1031.6,357;357;357;357;357;357,1821;2101;4863;3909;1817;1817,790.0;895.0;1758.2;1451.2;789.0;789.0,2024;2024;2024;2024;2024;2024,5329;5766;9634;8023;5282;5329,4177.3;4497.9;7276.3;5906.3;4138.0;4175.8
2026-07-11T15:30:44.573428+00:00,rmat_s8_e4.mtx,256,1490,8x8,1,True,13,52,5,5,15,True,2356,20434,90348,189,743,undirected_dedup,875000000.0,0.00010325485714285714,0.007195787399831762,377;385;385;385;385,1521;402;402;402;402,1361.9;393.4;393.4;393.4;393.4,389;385;385;385;385,398;406;406;406;406,394.0;394.2;394.2;394.2;394.2,2072;2072;2072;2072;2072,4328;5930;9661;4935;4328,2846.5;3050.1;3644.2;3018.2;2842.8,612;612;612;612;612,1968;2915;4457;2206;1974,1093.5;1353.6;1964.2;1168.1;1099.7,47;47;47;47;47,1152;1236;1192;1148;1144,184.4;191.2;188.4;184.2;184.1,575;575;575;575;575,2922;4207;7079;3400;2914,1326.2;1527.4;2538.3;1484.4;1324.6,575;575;575;575;575,2153;3367;3823;2152;2152,1030.6;1301.2;1692.6;1106.2;1029.5,357;357;357;357;357,2427;4120;4097;2596;2426,1032.3;1400.6;1538.9;1096.8;1031.6,357;357;357;357;357,1825;3067;5870;2119;1817,792.0;1171.2;2095.8;894.4;789.0,2024;2024;2024;2024;2024,5333;7023;10646;5936;5329,4181.1;5400.4;7865.6;4581.8;4174.7
2026-07-11T15:31:43.323175+00:00,rmat_s8_e4.mtx,256,1490,8x8,1,True,14,88,5,5,15,True,2356,20434,89898,189,743,undirected_dedup,875000000.0,0.00010274057142857144,0.007231807159224899,377;385;385;385;385,1521;402;402;402;402,1361.9;393.4;393.4;393.4;393.4,389;385;385;385;385,398;406;406;406;406,394.0;394.2;394.2;394.2;394.2,2072;2072;2072;2072;2072,4328;5697;9321;5351;4328,2848.5;2967.1;3593.6;3132.2;2851.2,612;612;612;612;612,1968;3078;4261;2151;1974,1098.7;1423.6;1878.5;1185.9;1099.7,47;47;47;47;47,1160;1208;1204;1152;1144,184.6;188.8;190.1;184.8;184.1,575;575;575;575;575,2930;3945;6667;3870;2914,1331.8;1516.6;2383.7;1523.8;1320.4,575;575;575;575;575,2103;2941;4293;2317;2152,1021.4;1265.0;1724.8;1158.3;1025.3,357;357;357;357;357,2435;3215;4567;2591;2426,1034.7;1248.8;1622.5;1116.0;1031.6,357;357;357;357;357,1833;3080;5341;2469;1817,794.0;1124.5;1949.1;1023.5;789.0,2024;2024;2024;2024;2024,5341;6762;10326;6308;5329,4181.8;5154.8;7680.1;4821.6;4166.3
2026-07-11T15:32:41.892749+00:00,rmat_s8_e4.mtx,256,1490,8x8,1,True,15,232,5,5,15,True,2356,20434,90358,189,743,undirected_dedup,875000000.0,0.00010326628571428571,0.00719499103565816,377;385;385;385;385,1521;402;402;402;402,1361.9;393.4;393.4;393.4;393.4,389;385;385;385;385,398;406;406;406;406,394.0;394.2;394.2;394.2;394.2,2072;2072;2072;2072;2072,4328;6246;9552;4752;4328,2843.0;2964.8;3673.1;3052.6;2842.8,612;612;612;612;612,1968;3198;4224;2086;1974,1097.1;1472.4;1846.5;1178.2;1099.7,47;47;47;47;47,1152;1240;1200;1148;1144,184.2;190.5;189.2;184.2;184.1,575;575;575;575;575,2922;4384;6983;3335;2914,1325.5;1549.4;2537.9;1441.2;1324.6,575;575;575;575;575,2153;4166;3917;2007;2152,1031.5;1398.3;1701.2;1063.8;1029.5,357;357;357;357;357,2427;4440;4191;2202;2426,1032.3;1477.6;1552.3;1019.7;1031.6,357;357;357;357;357,1825;3426;5637;2023;1817,792.0;1262.4;2049.2;849.8;789.0,2024;2024;2024;2024;2024,5333;7343;10533;5773;5329,4181.3;5687.7;7840.6;4374.3;4174.7
2026-07-11T15:33:41.871781+00:00,rmat_s8_e4.mtx,256,1490,8x8,1,True,16,202,5,5,15,True,2357,20433,90834,189,743,undirected_dedup,875000000.0,0.00010381028571428571,0.00715728691899509,377;385;385;385;385,1521;402;402;402;402,1361.9;393.4;393.4;393.4;393.4,389;385;385;385;385,398;406;406;406;406,394.0;394.2;394.2;394.2;394.2,2072;2072;2072;2072;2072,4328;5770;9261;5679;4328,2845.3;2919.0;3542.0;3233.7;2852.3,612;612;612;612;612,1968;2833;4602;2293;1974,1099.3;1312.6;1997.9;1209.5;1098.3,47;47;47;47;47,1156;1208;1216;1156;1144,184.4;187.5;191.6;184.8;184.1,575;575;575;575;575,2926;4194;6691;3943;2914,1334.4;1520.0;2376.9;1617.2;1320.7,575;575;575;575;575,2157;3658;3893;2152;2152,1021.0;1376.3;1658.1;1158.9;1025.3,357;357;357;357;357,2407;3932;4167;2814;2426,1031.7;1375.5;1544.1;1172.2;1031.6,357;357;357;357;357,1829;2844;5564;2808;1817,793.5;1116.4;1975.8;1120.0;789.0,2024;2024;2024;2024;2024,5337;6835;10276;6680;5282,4180.6;5388.3;7554.9;5068.4;4166.7
2026-07-11T15:34:28.355990+00:00,rmat_s8_e4.mtx,256,1490,8x8,1,True,17,99,2,2,15,True,2357,20434,30604,2,1,undirected_dedup,875000000.0,3.4976e-05,2.8591033851784082e-05,377;385,1521;402,1361.9;393.4,389;385,398;406,394.0;394.2,2072;2072,4328;4328,2842.0;2841.8,612;612,1968;1974,1098.1;1100.1,47;47,1148;1144,184.2;184.1,575;575,2914;2914,1325.1;1325.3,575;575,2145;2152,1028.8;1029.5,357;357,2419;2426,1030.4;1031.6,357;357,1817;1817,789.0;789.0,2024;2024,5325;5305,4173.3;4175.4
2026-07-11T15:35:26.212706+00:00,rmat_s8_e4.mtx,256,1490,8x8,1,True,18,10,5,5,15,True,2356,20434,90265,189,743,undirected_dedup,875000000.0,0.00010316,0.007202404032570765,377;385;385;385;385,1521;402;402;402;402,1361.9;393.4;393.4;393.4;393.4,389;385;385;385;385,398;406;406;406;406,394.0;394.2;394.2;394.2;394.2,2072;2072;2072;2072;2072,4665;6828;8854;4445;4328,2859.6;3177.1;3590.8;2931.5;2842.8,612;612;612;612;612,2113;3228;4245;2041;1974,1154.5;1547.2;1761.2;1145.9;1099.7,47;47;47;47;47,1164;1240;1184;1148;1144,185.2;191.8;187.0;184.2;184.1,575;575;575;575;575,3126;4834;6578;2964;2914,1357.6;1748.6;2322.5;1368.2;1324.6,575;575;575;575;575,2502;3380;3831;2007;2152,1104.0;1437.1;1614.8;1019.7;1029.5,357;357;357;357;357,2776;3654;4105;2227;2426,1111.3;1374.6;1517.5;998.7;1031.6,357;357;357;357;357,2089;3841;5122;1800;1817,882.5;1420.9;1841.6;770.1;789.0,2024;2024;2024;2024;2024,5682;7925;9819;5402;5329,4455.4;5981.3;7296.4;4156.7;4174.7
2026-07-11T15:36:25.707094+00:00,rmat_s8_e4.mtx,256,1490,8x8,1,True,19,73,5,5,15,True,2357,20434,90003,189,743,undirected_dedup,875000000.0,0.00010286057142857143,0.007223370332100041,377;385;385;385;385,1521;402;402;402;402,1361.9;393.4;393.4;393.4;393.4,389;385;385;385;385,398;406;406;406;406,394.0;394.2;394.2;394.2;394.2,2072;2072;2072;2072;2072,4393;6291;9209;4837;4328,2851.3;3045.9;3618.3;3029.4;2843.9,612;612;612;612;612,1968;3330;4030;2108;1974,1104.3;1633.8;1752.8;1175.8;1098.6,47;47;47;47;47,1168;1224;1196;1148;1144,184.8;190.0;189.2;184.3;184.1,575;575;575;575;575,3051;4586;6557;3289;2914,1342.0;1735.0;2323.1;1420.5;1324.6,575;575;575;575;575,2176;2514;4373;2007;2152,1050.4;1328.3;1645.9;1068.3;1029.5,357;357;357;357;357,2556;2769;5133;2242;2426,1063.5;1188.3;1728.3;1023.2;1031.6,357;357;357;357;357,1954;3253;5367;2192;1817,838.4;1223.1;1948.8;908.8;789.0,2024;2024;2024;2024;2024,5462;7372;10190;5794;5329,4294.3;5474.6;7646.1;4420.8;4174.7
2026-07-11T15:37:27.221940+00:00,rmat_s8_e4.mtx,256,1490,8x8,1,True,20,212,6,6,15,True,2356,20434,103759,189,743,undirected_dedup,875000000.0,0.00011858171428571428,0.006265721527771085,377;385;385;385;385;385,1521;402;402;402;402;402,1361.9;393.4;393.4;393.4;393.4;393.4,389;385;385;385;385;385,398;406;406;406;406;406,394.0;394.2;394.2;394.2;394.2;394.2,2072;2072;2072;2072;2072;2072,4328;4328;6246;9617;4631;4328,2843.3;2853.4;3027.1;3654.1;3008.8;2841.8,612;612;612;612;612;612,1968;1974;3039;4382;2041;1974,1100.6;1093.4;1436.0;1908.0;1128.2;1100.7,47;47;47;47;47;47,1148;1156;1244;1192;1148;1144,184.2;184.7;190.6;188.6;184.2;184.1,575;575;575;575;575;575,2914;2922;4402;7058;3186;2914,1321.5;1325.7;1566.2;2555.9;1407.8;1324.6,575;575;575;575;575;575,2145;2160;3975;3861;2077;2152,1028.6;1027.0;1390.2;1691.5;1066.8;1029.5,357;357;357;357;357;357,2419;2434;4249;4135;2351;2426,1030.4;1033.7;1445.5;1540.8;1038.5;1031.6,357;357;357;357;357;357,1817;1825;3422;5724;1874;1817,789.0;791.5;1263.6;2071.5;806.1;789.0,2024;2024;2024;2024;2024;2024,5325;5337;7347;10594;5624;5329,4169.5;4177.8;5665.6;7859.7;4319.2;4174.7
2026-07-11T15:38:30.248390+00:00,rmat_s8_e4.mtx,256,1490,8x8,1,True,21,21,6,6,15,True,2356,20434,103791,189,743,undirected_dedup,875000000.0,0.00011861828571428571,0.0062637897312869135,377;385;385;385;385;385,1521;402;402;402;402;402,1361.9;393.4;393.4;393.4;393.4;393.4,389;385;385;385;385;385,398;406;406;406;406;406,394.0;394.2;394.2;394.2;394.2;394.2,2072;2072;2072;2072;2072;2072,4473;5592;9452;5230;4328;4328,2849.1;2989.7;3587.7;3128.5;2846.2;2841.8,612;612;612;612;612;612,1968;2646;4878;2108;1974;1974,1121.3;1335.6;2000.9;1133.1;1102.0;1099.7,47;47;47;47;47;47,1152;1228;1212;1156;1148;1144,184.6;188.7;190.6;184.4;184.2;184.1,575;575;575;575;575;575,3067;4100;6651;3726;2914;2914,1354.0;1634.0;2250.9;1563.3;1323.2;1325.7,575;575;575;575;575;575,2298;2245;4930;2060;2152;2152,1064.5;1272.3;1719.2;1137.8;1025.1;1029.5,357;357;357;357;357;357,2572;2519;5204;2334;2426;2426,1062.7;1117.9;1753.8;1056.9;1031.6;1031.6,357;357;357;357;357;357,1885;2716;5633;2536;1817;1817,814.5;1111.1;1954.2;1043.4;789.0;789.0,2024;2024;2024;2024;2024;2024,5478;6677;10441;6231;5329;5329,4295.7;5135.4;7678.2;4801.4;4169.0;4175.8
2026-07-11T15:39:29.989106+00:00,rmat_s8_e4.mtx,256,1490,8x8,1,True,22,13,5,5,15,True,2356,20434,90522,189,743,undirected_dedup,875000000.0,0.00010345371428571429,0.00718195576765869,377;385;385;385;385,1521;402;402;402;402,1361.9;393.4;393.4;393.4;393.4,389;385;385;385;385,398;406;406;406;406,394.0;394.2;394.2;394.2;394.2,2072;2072;2072;2072;2072,4537;6638;8965;4708;4328,2848.8;3024.7;3653.5;3010.7;2841.8,612;612;612;612;612,2002;3515;4117;2153;1974,1119.3;1559.2;1769.6;1136.9;1099.7,47;47;47;47;47,1156;1232;1188;1148;1144,184.6;191.1;188.4;184.2;184.1,575;575;575;575;575,3054;4687;6558;3227;2914,1339.7;1632.6;2470.0;1383.9;1325.7,575;575;575;575;575,2366;4319;3153;2233;2152,1082.1;1462.1;1569.2;1088.5;1029.5,357;357;357;357;357,2640;4593;3427;2507;2426,1083.0;1523.1;1369.2;1067.9;1031.6,357;357;357;357;357,2038;3554;5301;1915;1817,861.2;1306.5;1942.5;809.2;789.0,2024;2024;2024;2024;2024,5546;7727;9946;5662;5329,4366.0;5924.3;7350.9;4349.5;4175.8
2026-07-11T15:40:31.435419+00:00,rmat_s8_e4.mtx,256,1490,8x8,1,True,23,170,6,6,15,True,2356,20434,103639,189,743,undirected_dedup,875000000.0,0.00011844457142857143,0.006272976389197117,377;385;385;385;385;385,1521;402;402;402;402;402,1361.9;393.4;393.4;393.4;393.4;393.4,389;385;385;385;385;385,398;406;406;406;406;406,394.0;394.2;394.2;394.2;394.2;394.2,2072;2072;2072;2072;2072;2072,4328;4856;9664;5795;4328;4328,2846.8;2947.2;3520.2;3229.7;2849.3;2841.8,612;612;612;612;612;612,1968;2260;5198;2242;1974;1974,1093.3;1128.8;2084.5;1235.9;1097.8;1099.7,47;47;47;47;47;47,1152;1212;1216;1152;1148;1144,184.4;188.1;191.1;184.6;184.2;184.1,575;575;575;575;575;575,2918;3473;6957;4068;2914;2914,1326.0;1419.4;2340.1;1716.1;1320.1;1325.7,575;575;575;575;575;575,2149;2220;4839;2030;2152;2152,1030.0;1115.5;1775.3;1207.2;1029.3;1029.5,357;357;357;357;357;357,2423;3066;5113;2304;2426;2426,1031.6;1172.5;1745.2;1069.9;1031.6;1031.6,357;357;357;357;357;357,1817;2445;5714;2812;1817;1817,789.5;969.9;2037.0;1125.1;789.0;789.0,2024;2024;2024;2024;2024;2024,5329;5969;10677;6752;5329;5329,4177.0;4677.3;7897.6;5118.3;4170.0;4175.8
2026-07-11T15:41:28.941533+00:00,rmat_s8_e4.mtx,256,1490,8x8,1,True,24,5,5,5,15,True,2356,20434,90303,189,743,undirected_dedup,875000000.0,0.00010320342857142857,0.007199373221266182,377;385;385;385;385,1521;402;402;402;402,1361.9;393.4;393.4;393.4;393.4,389;385;385;385;385,398;406;406;406;406,394.0;394.2;394.2;394.2;394.2,2072;2072;2072;2072;2072,4665;7175;8568;4445;4328,2862.3;3178.5;3588.5;2930.4;2841.8,612;612;612;612;612,2254;3469;3781;2041;1974,1155.9;1693.5;1657.6;1114.6;1099.7,47;47;47;47;47,1168;1244;1180;1148;1144,185.4;191.6;187.1;184.2;184.1,575;575;575;575;575,3190;5140;6227;2964;2914,1368.1;1907.0;2191.4;1342.0;1325.7,575;575;575;575;575,2502;3006;4094;2020;2152,1097.4;1464.8;1579.4;1032.2;1029.5,357;357;357;357;357,2776;3280;4483;2294;2426,1115.8;1303.8;1583.8;1013.4;1031.6,357;357;357;357;357,2174;4093;4793;1867;1817,869.8;1509.2;1757.5;801.5;789.0,2024;2024;2024;2024;2024,5682;8276;9529;5396;5329,4451.0;6184.9;7112.1;4189.2;4175.8
2026-07-11T15:42:29.856628+00:00,rmat_s8_e4.mtx,256,1490,8x8,1,True,25,245,6,6,15,True,2356,20434,103857,189,743,undirected_dedup,875000000.0,0.00011869371428571429,0.006259809160672848,377;385;385;385;385;385,1521;402;402;402;402;402,1361.9;393.4;393.4;393.4;393.4;393.4,389;385;385;385;385;385,398;406;406;406;406;406,394.0;394.2;394.2;394.2;394.2;394.2,2072;2072;2072;2072;2072;2072,4328;4328;6562;9195;4693;4328,2842.0;2858.4;3154.7;3597.4;2950.1;2841.8,612;612;612;612;612;612,1968;1974;3361;4277;2108;1974,1098.1;1098.4;1552.6;1830.2;1120.0;1099.7,47;47;47;47;47;47,1148;1160;1248;1180;1148;1144,184.2;185.1;191.6;187.3;184.2;184.1,575;575;575;575;575;575,2914;2930;4627;6700;3212;2914,1325.2;1329.7;1747.9;2336.5;1384.8;1325.7,575;575;575;575;575;575,2145;2109;2935;4246;2201;2152,1028.8;1016.7;1387.8;1680.5;1098.7;1029.5,357;357;357;357;357;357,2419;2442;3209;4520;2475;2426,1030.4;1036.1;1274.8;1610.7;1056.8;1031.6,357;357;357;357;357;357,1817;1829;3601;5397;2048;1817,789.0;793.0;1330.0;1933.8;871.8;789.0,2024;2024;2024;2024;2024;2024,5325;5345;7629;10160;5630;5329,4173.3;4175.5;5740.5;7561.4;4412.1;4175.8
2026-07-11T15:43:27.364050+00:00,rmat_s8_e4.mtx,256,1490,8x8,1,True,26,4,5,5,15,True,2357,20434,92025,189,743,undirected_dedup,875000000.0,0.00010517142857142858,0.00706465634338495,377;385;385;385;385,1521;402;402;402;402,1361.9;393.4;393.4;393.4;393.4,389;385;385;385;385,398;406;406;406;406,394.0;394.2;394.2;394.2;394.2,2072;2072;2072;2072;2072,5177;9094;6939;4328;4328,2881.9;3311.2;3462.8;2888.5;2841.8,612;612;612;612;612,2382;4682;2923;1974;1974,1223.3;1940.5;1381.7;1093.1;1099.7,47;47;47;47;47,1196;1228;1164;1148;1144,186.6;191.7;185.8;184.2;184.1,575;575;575;575;575,3734;6632;5046;2914;2914,1432.0;2228.3;2002.3;1319.6;1325.7,575;575;575;575;575,3046;4954;2152;2018;2152,1262.2;1731.8;1260.3;1018.4;1029.5,357;357;357;357;357,3320;5228;2801;2292;2426,1238.2;1759.0;1198.8;1008.6;1031.6,357;357;357;357;357,2348;5440;3880;1817;1817,974.4;1976.9;1464.6;789.0;789.0,2024;2024;2024;2024;2024,6226;10123;7873;5285;5329,4906.9;7696.0;5926.1;4135.6;4175.8
2026-07-11T15:44:25.462158+00:00,rmat_s8_e4.mtx,256,1490,8x8,1,True,27,136,5,5,15,True,2357,20434,90039,189,743,undirected_dedup,875000000.0,0.00010290171428571429,0.007220482235475738,377;385;385;385;385,1521;402;402;402;402,1361.9;393.4;393.4;393.4;393.4,389;385;385;385;385,398;406;406;406;406,394.0;394.2;394.2;394.2;394.2,2072;2072;2072;2072;2072,4441;7688;8189;4445;4328,2859.3;3243.5;3540.6;2916.0;2841.8,612;612;612;612;612,1968;4065;3323;2041;1974,1149.9;1790.8;1550.1;1111.4;1099.7,47;47;47;47;47,1168;1240;1172;1148;1144,185.2;192.4;186.4;184.2;184.1,575;575;575;575;575,3122;5585;5859;2964;2914,1366.7;1968.5;2103.9;1364.3;1325.7,575;575;575;575;575,2007;3689;3745;2068;2152,1069.0;1577.9;1489.9;1053.9;1029.5,357;357;357;357;357,2226;3963;4122;2342;2426,1011.0;1463.0;1511.3;1018.5;1031.6,357;357;357;357;357,2025;4152;4859;1800;1817,864.5;1521.2;1788.1;770.1;789.0,2024;2024;2024;2024;2024,5533;8785;9154;5396;5329,4311.2;6530.6;6893.2;4206.8;4175.8
2026-07-11T15:45:27.475803+00:00,rmat_s8_e4.mtx,256,1490,8x8,1,True,28,162,6,6,15,True,2356,20434,104055,189,743,undirected_dedup,875000000.0,0.00011892,0.006247897746384123,377;385;385;385;385;385,1521;402;402;402;402;402,1361.9;393.4;393.4;393.4;393.4;393.4,389;385;385;385;385;385,398;406;406;406;406;406,394.0;394.2;394.2;394.2;394.2;394.2,2072;2072;2072;2072;2072;2072,4328;6525;9100;4955;4328;4328,2849.8;3032.2;3623.3;3036.0;2845.2;2841.8,612;612;612;612;612;612,1968;3253;4225;2128;1974;1974,1091.0;1434.6;1933.4;1155.3;1101.0;1099.7,47;47;47;47;47;47,1160;1228;1200;1152;1148;1144,184.6;190.0;189.2;184.3;184.2;184.1,575;575;575;575;575;575,2930;4714;6643;3384;2914;2914,1328.6;1680.2;2373.0;1461.0;1321.2;1325.7,575;575;575;575;575;575,2161;3504;3465;2152;2152;2152,1030.6;1440.8;1592.8;1117.9;1029.3;1029.5,357;357;357;357;357;357,2435;4590;3739;2539;2426;2426,1034.4;1503.0;1451.0;1093.1;1031.6;1031.6,357;357;357;357;357;357,1833;3409;5414;2217;1817;1817,794.5;1301.5;1938.6;924.8;789.0;789.0,2024;2024;2024;2024;2024;2024,5341;7610;10085;5928;5329;5329,4188.1;5925.6;7355.4;4596.7;4171.1;4175.8
2026-07-11T15:46:25.210557+00:00,rmat_s8_e4.mtx,256,1490,8x8,1,True,29,137,5,5,15,True,2356,20434,90065,189,743,undirected_dedup,875000000.0,0.00010293142857142857,0.007218397823793926,377;385;385;385;385,1521;402;402;402;402,1361.9;393.4;393.4;393.4;393.4,389;385;385;385;385,398;406;406;406;406,394.0;394.2;394.2;394.2;394.2,2072;2072;2072;2072;2072,4328;6781;9133;4493;4328,2849.8;3039.2;3673.5;2969.2;2842.8,612;612;612;612;612,1968;3530;4005;1974;1974,1127.1;1600.4;1769.6;1104.5;1099.7,47;47;47;47;47,1160;1240;1192;1148;1144,184.6;191.2;188.2;184.2;184.1,575;575;575;575;575,2986;4757;6651;3079;2914,1354.3;1643.0;2451.9;1365.1;1324.6,575;575;575;575;575,2011;4300;3599;2020;2152,1038.4;1470.7;1634.5;1034.0;1029.5,357;357;357;357;357,2218;4574;3873;2294;2426,1000.9;1527.0;1472.0;1016.3;1031.6,357;357;357;357;357,1885;3814;5260;1915;1817,814.5;1378.9;1932.8;792.9;789.0,2024;2024;2024;2024;2024,5397;7878;10106;5450;5329,4208.1;6019.6;7491.1;4208.4;4174.7
2026-07-11T15:47:23.680094+00:00,rmat_s8_e4.mtx,256,1490,8x8,1,True,30,72,5,5,15,True,2357,20434,90271,189,743,undirected_dedup,875000000.0,0.00010316685714285715,0.007201925313777403,377;385;385;385;385,1521;402;402;402;402,1361.9;393.4;393.4;393.4;393.4,389;385;385;385;385,398;406;406;406;406,394.0;394.2;394.2;394.2;394.2,2072;2072;2072;2072;2072,4328;6562;9195;4693;4328,2858.6;3155.8;3597.4;2950.1;2841.8,612;612;612;612;612,1968;3361;4277;2108;1974,1096.9;1551.5;1830.2;1120.0;1099.7,47;47;47;47;47,1160;1248;1180;1148;1144,185.1;191.6;187.3;184.2;184.1,575;575;575;575;575,2930;4627;6700;3212;2914,1329.3;1747.9;2336.5;1384.8;1325.7,575;575;575;575;575,2103;2935;4246;2201;2152,1015.8;1387.8;1680.5;1098.7;1029.5,357;357;357;357;357,2435;3209;4520;2475;2426,1034.9;1274.8;1610.7;1056.8;1031.6,357;357;357;357;357,1829;3601;5397;2048;1817,793.0;1330.0;1933.8;871.8;789.0,2024;2024;2024;2024;2024,5341;7629;10160;5630;5329,4173.0;5740.5;7561.4;4412.1;4175.8
2026-07-11T15:48:27.645757+00:00,rmat_s8_e4.mtx,256,1490,8x8,1,True,31,90,6,6,15,True,2357,20434,103999,189,743,undirected_dedup,875000000.0,0.000118856,0.006251262031365686,377;385;385;385;385;385,1521;402;402;402;402;402,1361.9;393.4;393.4;393.4;393.4;393.4,389;385;385;385;385;385,398;406;406;406;406;406,394.0;394.2;394.2;394.2;394.2;394.2,2072;2072;2072;2072;2072;2072,4328;4712;8291;7590;4328;4328,2845.5;2892.4;3381.6;3415.4;2866.8;2841.8,612;612;612;612;612;612,1968;2063;4488;2973;1974;1974,1094.5;1220.6;1825.1;1464.8;1095.1;1099.7,47;47;47;47;47;47,1152;1184;1232;1164;1148;1144,184.4;186.2;192.1;185.4;184.2;184.1,575;575;575;575;575;575,2914;3402;5953;5473;2914;2914,1325.7;1405.9;2074.8;2036.8;1339.8;1325.7,575;575;575;575;575;575,2145;2011;4290;3372;2037;2152,1029.3;1089.9;1624.8;1463.6;1014.6;1029.5,357;357;357;357;357;357,2419;2242;4564;3646;2311;2426,1031.2;1025.8;1598.3;1392.2;1011.9;1031.6,357;357;357;357;357;357,1813;2301;4726;4208;1817;1817,787.0;968.5;1655.8;1605.2;789.0;789.0,2024;2024;2024;2024;2024;2024,5325;5817;9342;8547;5282;5329,4173.2;4490.2;6953.6;6497.8;4155.2;4175.8
2026-07-11T15:49:30.576069+00:00,rmat_s8_e4.mtx,256,1490,8x8,1,True,32,172,6,6,15,True,2356,20434,103846,189,743,undirected_dedup,875000000.0,0.00011868114285714286,0.006260472237736648,377;385;385;385;385;385,1521;402;402;402;402;402,1361.9;393.4;393.4;393.4;393.4;393.4,389;385;385;385;385;385,398;406;406;406;406;406,394.0;394.2;394.2;394.2;394.2;394.2,2072;2072;2072;2072;2072;2072,4328;4601;6951;8659;4595;4328,2842.0;2858.1;3185.1;3581.5;2935.4;2841.8,612;612;612;612;612;612,1968;2132;3564;3881;2041;1974,1098.1;1151.0;1592.4;1729.1;1116.6;1099.7,47;47;47;47;47;47,1148;1164;1244;1180;1148;1144,184.2;185.1;191.9;187.0;184.2;184.1,575;575;575;575;575;575,2918;3203;4933;6200;3181;2914,1325.2;1365.9;1828.1;2217.0;1376.0;1325.7,575;575;575;575;575;575,2149;2441;3316;3794;2122;2152,1030.3;1093.4;1450.0;1592.7;1086.4;1029.5,357;357;357;357;357;357,2423;2715;3590;4068;2396;2426,1031.4;1096.9;1363.2;1507.3;1037.2;1031.6,357;357;357;357;357;357,1821;2021;3843;5033;1950;1817,790.5;840.0;1413.8;1825.8;832.6;789.0,2024;2024;2024;2024;2024;2024,5329;5618;8052;9624;5529;5329,4177.3;4396.2;6055.0;7142.8;4332.2;4175.8
2026-07-11T15:50:29.229222+00:00,rmat_s8_e4.mtx,256,1490,8x8,1,True,33,65,5,5,15,True,2356,20434,90734,189,743,undirected_dedup,875000000.0,0.000103696,0.00716517512729517,377;385;385;385;385,1521;402;402;402;402,1361.9;393.4;393.4;393.4;393.4,389;385;385;385;385,398;406;406;406;406,394.0;394.2;394.2;394.2;394.2,2072;2072;2072;2072;2072,4649;7724;8200;4328;4328,2864.6;3184.4;3566.4;2924.5;2841.8,612;612;612;612;612,1976;4597;3286;1974;1974,1119.2;1812.6;1583.0;1111.4;1099.7,47;47;47;47;47,1184;1228;1172;1148;1144,185.5;191.9;186.6;184.2;184.1,575;575;575;575;575,3323;5461;5923;2914;2914,1373.0;1914.7;2239.3;1325.8;1325.7,575;575;575;575;575,2192;4258;3134;2007;2152,1099.8;1603.7;1473.4;1000.3;1029.5,357;357;357;357;357,2828;4532;3408;2244;2426,1124.1;1567.4;1357.2;997.5;1031.6,357;357;357;357;357,2222;4157;4808;1750;1817,940.4;1506.6;1771.5;757.6;789.0,2024;2024;2024;2024;2024,5734;8809;9161;5282;5329,4537.3;6592.5;6841.4;4081.2;4175.8
2026-07-11T15:51:27.824370+00:00,rmat_s8_e4.mtx,256,1490,8x8,1,True,34,2,5,5,15,True,2357,20434,90199,189,743,undirected_dedup,875000000.0,0.00010308457142857143,0.007207674142728855,377;385;385;385;385,1521;402;402;402;402,1361.9;393.4;393.4;393.4;393.4,389;385;385;385;385,398;406;406;406;406,394.0;394.2;394.2;394.2;394.2,2072;2072;2072;2072;2072,5177;9032;6273;4328;4328,2880.9;3436.2;3376.8;2860.6;2841.8,612;612;612;612;612,2382;4756;2453;1974;1974,1223.3;1972.6;1287.5;1098.7;1099.7,47;47;47;47;47,1196;1232;1160;1148;1144,186.5;192.4;185.1;184.2;184.1,575;575;575;575;575,3734;6535;4333;2914;2914,1417.3;2286.8;1729.5;1327.1;1325.7,575;575;575;575;575,3046;4339;2336;2085;2152,1256.0;1688.8;1244.3;1021.7;1029.5,357;357;357;357;357,3320;4613;2672;2359;2426,1233.2;1627.9;1165.0;1020.1;1031.6,357;357;357;357;357,2497;5212;3287;1817;1817,1001.5;1872.8;1258.1;789.0;789.0,2024;2024;2024;2024;2024,6226;10067;7230;5282;5329,4907.9;7476.1;5397.0;4157.9;4175.8
2026-07-11T15:52:26.976230+00:00,rmat_s8_e4.mtx,256,1490,8x8,1,True,35,133,5,5,15,True,2355,20435,90843,189,743,undirected_dedup,875000000.0,0.00010382057142857143,0.007156577832083925,377;385;385;385;385,1521;402;402;402;402,1361.9;393.4;393.4;393.4;393.4,389;385;385;385;385,398;406;406;406;406,394.0;394.2;394.2;394.2;394.2,2072;2072;2072;2072;2072,4328;6870;8879;4677;4328,2846.3;3015.5;3662.9;3006.5;2841.8,612;612;612;612;612,1968;3743;4344;2153;1974,1120.6;1570.0;1754.5;1146.5;1099.7,47;47;47;47;47,1160;1232;1192;1148;1144,184.4;191.1;188.5;184.2;184.1,575;575;575;575;575,2986;4947;6470;3119;2914,1364.8;1674.1;2451.7;1360.9;1325.7,575;575;575;575;575,2007;4782;3128;2211;2152,1037.1;1524.0;1551.0;1071.4;1029.5,357;357;357;357;357,2218;5056;3291;2547;2426,1000.4;1608.7;1338.3;1069.5;1031.6,357;357;357;357;357,1889;3643;5277;2053;1817,816.0;1347.9;1929.6;832.4;789.0,2024;2024;2024;2024;2024,5397;7959;9860;5652;5329,4218.3;6154.8;7270.6;4334.2;4175.8
2026-07-11T15:53:26.761351+00:00,rmat_s8_e4.mtx,256,1490,8x8,1,True,36,142,5,5,15,True,2356,20434,90187,189,743,undirected_dedup,875000000.0,0.00010307085714285714,0.007208633173295486,377;385;385;385;385,1521;402;402;402;402,1361.9;393.4;393.4;393.4;393.4,389;385;385;385;385,398;406;406;406;406,394.0;394.2;394.2;394.2;394.2,2072;2072;2072;2072;2072,4328;5177;8889;6454;4328,2842.0;2891.7;3468.2;3334.7;2866.9,612;612;612;612;612,1968;2438;4243;2843;1974,1104.4;1235.8;1872.4;1362.3;1096.1,47;47;47;47;47,1148;1196;1216;1164;1144,184.2;187.1;191.5;185.4;184.1,575;575;575;575;575,2918;3606;6453;4515;2914,1337.3;1423.1;2264.4;1746.2;1336.7,575;575;575;575;575,2068;3053;4241;2644;2018,1025.8;1195.3;1693.0;1288.9;1019.9,357;357;357;357;357,2342;3327;4515;2918;2292,1017.4;1240.1;1603.8;1219.0;1008.6,357;357;357;357;357,1821;2633;5048;3386;1817,790.5;1029.2;1841.1;1290.9;789.0,2024;2024;2024;2024;2024,5329;6230;9918;7411;5282,4171.1;4887.8;7402.3;5544.9;4154.2
2026-07-11T15:54:25.679670+00:00,rmat_s8_e4.mtx,256,1490,8x8,1,True,37,76,5,5,15,True,2356,20434,90166,189,743,undirected_dedup,875000000.0,0.00010304685714285714,0.007210312091032096,377;385;385;385;385,1521;402;402;402;402,1361.9;393.4;393.4;393.4;393.4,389;385;385;385;385,398;406;406;406;406,394.0;394.2;394.2;394.2;394.2,2072;2072;2072;2072;2072,4328;6119;9393;4966;4328,2847.8;2981.4;3647.6;3069.1;2843.9,612;612;612;612;612,1968;2947;4442;2158;1974,1098.8;1402.4;1884.0;1192.9;1097.6,47;47;47;47;47,1156;1228;1208;1148;1144,184.5;189.4;190.0;184.3;184.1,575;575;575;575;575,2926;4323;6861;3354;2914,1325.8;1534.9;2418.0;1485.4;1325.7,575;575;575;575;575,2157;3640;4158;2007;2152,1026.3;1393.1;1700.2;1079.9;1029.5,357;357;357;357;357,2431;3914;4432;2215;2426,1033.5;1393.8;1600.4;1030.1;1031.6,357;357;357;357;357,1829;3419;5487;2106;1817,793.0;1281.4;1958.1;897.6;789.0,2024;2024;2024;2024;2024,5337;7204;10382;5900;5329,4178.6;5603.2;7676.8;4493.0;4175.8
2026-07-11T15:55:27.864679+00:00,rmat_s8_e4.mtx,256,1490,8x8,1,True,38,121,6,6,15,True,2356,20434,104313,189,743,undirected_dedup,875000000.0,0.00011921485714285714,0.006232444661739189,377;385;385;385;385;385,1521;402;402;402;402;402,1361.9;393.4;393.4;393.4;393.4;393.4,389;385;385;385;385;385,398;406;406;406;406;406,394.0;394.2;394.2;394.2;394.2;394.2,2072;2072;2072;2072;2072;2072,4328;4649;7724;8200;4328;4328,2842.0;2864.4;3183.7;3566.4;2924.5;2841.8,612;612;612;612;612;612,1968;1978;4597;3286;1974;1974,1098.1;1120.7;1813.3;1583.0;1111.4;1099.7,47;47;47;47;47;47,1148;1184;1228;1172;1148;1144,184.2;185.4;191.9;186.6;184.2;184.1,575;575;575;575;575;575,2914;3319;5461;5923;2914;2914,1325.2;1373.3;1914.7;2239.3;1325.8;1325.7,575;575;575;575;575;575,2145;2192;4258;3134;2007;2152,1028.8;1099.5;1603.7;1473.4;1000.3;1029.5,357;357;357;357;357;357,2419;2831;4532;3408;2244;2426,1030.4;1124.2;1567.4;1357.2;997.5;1031.6,357;357;357;357;357;357,1817;2218;4157;4808;1750;1817,789.0;938.9;1506.6;1771.5;757.6;789.0,2024;2024;2024;2024;2024;2024,5325;5734;8809;9161;5282;5329,4173.3;4535.8;6592.5;6841.4;4081.2;4175.8
2026-07-11T15:56:26.882497+00:00,rmat_s8_e4.mtx,256,1490,8x8,1,True,39,240,6,6,15,True,2356,20434,103703,189,743,undirected_dedup,875000000.0,0.00011851771428571428,0.006269105040355631,377;385;385;385;385;385,1521;402;402;402;402;402,1361.9;393.4;393.4;393.4;393.4;393.4,389;385;385;385;385;385,398;406;406;406;406;406,394.0;394.2;394.2;394.2;394.2;394.2,2072;2072;2072;2072;2072;2072,4328;4497;9012;6817;4328;4328,2843.3;2887.0;3408.5;3379.3;2872.3;2841.8,612;612;612;612;612;612,1968;1974;4943;2883;1974;1974,1096.8;1082.5;2027.5;1406.7;1097.0;1099.7,47;47;47;47;47;47,1148;1192;1232;1168;1148;1144,184.2;186.8;191.6;185.6;184.2;184.1,575;575;575;575;575;575,2914;3167;6620;4732;2914;2914,1325.3;1359.9;2228.6;1957.2;1335.5;1325.7,575;575;575;575;575;575,2145;2324;4237;2172;2037;2152,1028.8;1088.8;1667.2;1262.8;1011.6;1029.5,357;357;357;357;357;357,2419;2598;4511;3355;2311;2426,1030.7;1082.9;1608.5;1279.5;1011.9;1031.6,357;357;357;357;357;357,1817;2054;5438;3463;1817;1817,788.5;866.5;1933.6;1319.2;789.0;789.0,2024;2024;2024;2024;2024;2024,5325;5582;10055;7774;5265;5329,4173.3;4398.1;7437.9;5818.8;4147.9;4175.8
2026-07-11T15:57:27.116425+00:00,rmat_s8_e4.mtx,256,1490,8x8,1,True,40,93,6,6,15,True,2356,20434,104500,189,743,undirected_dedup,875000000.0,0.00011942857142857144,0.006221291866028707,377;385;385;385;385;385,1521;402;402;402;402;402,1361.9;393.4;393.4;393.4;393.4;393.4,389;385;385;385;385;385,398;406;406;406;406;406,394.0;394.2;394.2;394.2;394.2;394.2,2072;2072;2072;2072;2072;2072,4328;4857;8023;7690;4328;4328,2842.0;2860.9;3215.7;3568.4;2895.6;2841.8,612;612;612;612;612;612,1968;2008;4029;3987;1976;1974,1098.2;1139.5;1692.9;1652.7;1099.5;1099.7,47;47;47;47;47;47,1148;1176;1244;1172;1148;1144,184.2;185.2;192.5;186.2;184.2;184.1,575;575;575;575;575;575,2918;3394;5762;5617;2914;2914,1325.2;1375.6;1913.3;2287.2;1345.9;1325.7,575;575;575;575;575;575,2149;2713;5319;2948;2018;2152,1030.1;1148.5;1655.0;1324.3;1021.3;1029.5,357;357;357;357;357;357,2423;2987;5860;2345;2292;2426,1031.4;1163.9;1810.8;1076.3;1005.7;1031.6,357;357;357;357;357;357,1821;2378;4396;4441;1750;1817,790.5;988.8;1600.1;1640.2;749.2;789.0,2024;2024;2024;2024;2024;2024,5329;5890;9108;8719;5282;5329,4177.2;4676.8;6979.4;6328.1;4122.2;4175.8
2026-07-11T15:58:13.462220+00:00,rmat_s8_e4.mtx,256,1490,8x8,1,True,41,237,2,2,15,True,2357,20434,30628,2,1,undirected_dedup,875000000.0,3.500342857142857e-05,2.856863001175395e-05,377;385,1521;402,1361.9;393.4,389;385,398;406,394.0;394.2,2072;2072,4328;4328,2842.0;2841.8,612;612,1968;1974,1099.3;1099.7,47;47,1148;1144,184.2;184.1,575;575,2914;2914,1323.9;1325.7,575;575,2145;2152,1029.5;1029.5,357;357,2419;2426,1030.7;1031.6,357;357,1813;1817,788.0;789.0,2024;2024,5325;5329,4172.1;4175.8
2026-07-11T15:59:14.551038+00:00,rmat_s8_e4.mtx,256,1490,8x8,1,True,42,153,6,6,15,True,2357,20434,103833,189,743,undirected_dedup,875000000.0,0.00011866628571428572,0.006261256055396646,377;385;385;385;385;385,1521;402;402;402;402;402,1361.9;393.4;393.4;393.4;393.4;393.4,389;385;385;385;385;385,398;406;406;406;406;406,394.0;394.2;394.2;394.2;394.2;394.2,2072;2072;2072;2072;2072;2072,4328;4601;6951;8659;4595;4328,2842.0;2858.1;3185.4;3581.5;2935.4;2841.8,612;612;612;612;612;612,1968;2118;3564;3881;2041;1974,1104.4;1151.2;1589.9;1729.1;1116.6;1099.7,47;47;47;47;47;47,1148;1164;1244;1180;1148;1144,184.2;185.1;191.9;187.0;184.2;184.1,575;575;575;575;575;575,2918;3203;4933;6200;3181;2914,1337.3;1364.8;1821.1;2217.0;1376.0;1325.7,575;575;575;575;575;575,2068;2441;3357;3794;2122;2152,1025.8;1092.2;1449.4;1592.7;1086.4;1029.5,357;357;357;357;357;357,2342;2715;3638;4068;2396;2426,1017.4;1096.7;1372.9;1507.3;1037.2;1031.6,357;357;357;357;357;357,1821;2021;3843;5033;1950;1817,790.5;842.2;1413.8;1825.8;832.6;789.0,2024;2024;2024;2024;2024;2024,5329;5618;8052;9624;5529;5329,4171.1;4396.0;6057.2;7142.8;4332.2;4175.8
2026-07-11T16:00:11.615826+00:00,rmat_s8_e4.mtx,256,1490,8x8,1,True,43,28,5,5,15,True,2357,20434,90632,189,743,undirected_dedup,875000000.0,0.00010357942857142857,0.007173239032571278,377;385;385;385;385,1521;402;402;402;402,1361.9;393.4;393.4;393.4;393.4,389;385;385;385;385,398;406;406;406;406,394.0;394.2;394.2;394.2;394.2,2072;2072;2072;2072;2072,4665;6853;8359;4957;4328,2851.1;3016.0;3601.9;3078.3;2844.9,612;612;612;612;612,2049;3726;3900;2248;1974,1131.4;1538.2;1741.1;1190.5;1101.6,47;47;47;47;47,1164;1216;1196;1152;1144,184.7;189.8;189.4;184.4;184.1,575;575;575;575;575,3271;5040;5691;3543;2914,1353.6;1672.6;2251.8;1446.4;1335.5,575;575;575;575;575,2502;4372;3054;2045;2085,1132.3;1534.0;1498.6;1103.9;1026.1,357;357;357;357;357,2776;4646;3328;2319;2359,1110.5;1552.0;1347.5;1048.8;1020.1,357;357;357;357;357,2089;3655;4791;2164;1817,891.0;1391.9;1738.0;878.0;789.0,2024;2024;2024;2024;2024,5682;7922;9352;5908;5329,4487.5;6150.5;6836.0;4477.1;4170.7
2026-07-11T16:01:05.653228+00:00,rmat_s8_e4.mtx,256,1490,8x8,1,True,44,161,5,5,15,True,2357,20435,90786,189,743,undirected_dedup,875000000.0,0.00010375542857142857,0.007161071090256207,377;385;385;385;385,1521;402;402;402;402,1361.9;393.4;393.4;393.4;393.4,389;385;385;385;385,398;406;406;406;406,394.0;394.2;394.2;394.2;394.2,2072;2072;2072;2072;2072,4328;7158;8821;4606;4328,2852.3;3095.2;3625.3;2974.4;2842.8,612;612;612;612;612,1968;3786;4137;1974;1974,1090.1;1584.1;1786.4;1123.7;1099.7,47;47;47;47;47,1164;1244;1192;1148;1144,184.8;191.4;187.8;184.2;184.1,575;575;575;575;575,2934;5171;6298;3256;2914,1331.4;1731.5;2385.5;1387.6;1324.6,575;575;575;575;575,2165;4597;3333;2007;2152,1028.4;1524.8;1597.8;1058.5;1029.5,357;357;357;357;357,2439;4933;3607;2202;2426,1035.6;1610.2;1412.6;1012.0;1031.6,357;357;357;357;357,1833;4130;4990;2159;1817,795.0;1494.1;1807.0;902.9;789.0,2024;2024;2024;2024;2024,5305;8259;9786;5627;5329,4190.4;6360.7;7202.9;4361.0;4174.7
2026-07-11T16:02:04.426890+00:00,rmat_s8_e4.mtx,256,1490,8x8,1,True,45,149,5,5,15,True,2357,20434,90380,189,743,undirected_dedup,875000000.0,0.00010329142857142857,0.007193239654790883,377;385;385;385;385,1521;402;402;402;402,1361.9;393.4;393.4;393.4;393.4,389;385;385;385;385,398;406;406;406;406,394.0;394.2;394.2;394.2;394.2,2072;2072;2072;2072;2072,4328;5689;9359;5567;4328,2842.0;2930.7;3631.2;3143.2;2844.9,612;612;612;612;612,1968;2822;4344;2309;1974,1104.4;1383.8;1862.8;1252.9;1099.4,47;47;47;47;47,1148;1228;1204;1148;1144,184.2;189.6;190.2;184.3;184.1,575;575;575;575;575,2918;3958;6871;3873;2914,1337.3;1474.7;2458.8;1561.6;1322.8,575;575;575;575;575,2068;3597;3904;2174;2152,1025.8;1302.7;1678.4;1187.4;1029.5,357;357;357;357;357,2342;3871;4178;2776;2426,1017.4;1351.2;1551.4;1153.5;1031.6,357;357;357;357;357,1821;2901;5591;2590;1817,790.5;1113.8;1999.6;1057.5;789.0,2024;2024;2024;2024;2024,5329;6774;10356;6524;5329,4171.1;5242.3;7688.2;4959.9;4172.9
2026-07-11T16:03:05.870367+00:00,rmat_s8_e4.mtx,256,1490,8x8,1,True,46,216,6,6,15,True,2356,20434,105429,189,743,undirected_dedup,875000000.0,0.00012049028571428572,0.006166472223012643,377;385;385;385;385;385,1521;402;402;402;402;402,1361.9;393.4;393.4;393.4;393.4;393.4,389;385;385;385;385;385,398;406;406;406;406;406,394.0;394.2;394.2;394.2;394.2;394.2,2072;2072;2072;2072;2072;2072,4328;4777;9565;6557;4328;4328,2843.3;2898.8;3477.6;3304.9;2862.7;2841.8,612;612;612;612;612;612,1968;2106;5245;2923;1974;1974,1099.3;1142.5;2058.3;1349.0;1097.8;1099.7,47;47;47;47;47;47,1148;1204;1224;1160;1148;1144,184.2;187.3;191.5;185.1;184.2;184.1,575;575;575;575;575;575,2918;3467;6958;4776;2914;2914,1327.9;1398.9;2299.5;1964.1;1311.0;1325.7,575;575;575;575;575;575,2149;2212;5045;2152;2152;2152,1025.0;1110.6;1780.0;1205.2;1025.1;1029.5,357;357;357;357;357;357,2423;2979;5319;2742;2426;2426,1031.4;1150.8;1788.5;1173.2;1031.6;1031.6,357;357;357;357;357;357,1821;2303;5737;3517;1817;1817,790.5;965.5;2007.0;1392.8;789.0;789.0,2024;2024;2024;2024;2024;2024,5329;5882;10586;7558;5329;5329,4174.8;4625.8;7875.0;5735.3;4156.7;4175.8
2026-07-11T16:04:06.889923+00:00,rmat_s8_e4.mtx,256,1490,8x8,1,True,47,14,5,5,15,True,2357,20434,91514,189,743,undirected_dedup,875000000.0,0.00010458742857142857,0.007104104290053982,377;385;385;385;385,1521;402;402;402;402,1361.9;393.4;393.4;393.4;393.4,389;385;385;385;385,398;406;406;406;406,394.0;394.2;394.2;394.2;394.2,2072;2072;2072;2072;2072,4537;6700;8810;5162;4328,2845.3;2994.9;3646.9;3046.5;2841.8,612;612;612;612;612,2049;3573;4234;2206;1974,1112.2;1530.8;1800.3;1176.4;1099.7,47;47;47;47;47,1156;1232;1196;1148;1144,184.4;190.5;189.2;184.2;184.1,575;575;575;575;575,3135;4751;6451;3627;2914,1331.8;1638.5;2440.0;1467.7;1325.7,575;575;575;575;575,2366;4612;3255;2152;2152,1092.6;1494.1;1540.0;1158.9;1029.5,357;357;357;357;357,2640;4886;3177;2940;2426,1089.0;1577.4;1318.6;1160.2;1031.6,357;357;357;357;357,2038;3626;5184;2346;1817,863.4;1335.1;1872.4;985.5;789.0,2024;2024;2024;2024;2024,5546;7751;9791;6140;5329,4376.8;6045.2;7171.0;4772.3;4175.8
2026-07-11T16:05:06.507139+00:00,rmat_s8_e4.mtx,256,1490,8x8,1,True,48,80,5,5,15,True,2356,20434,90393,189,743,undirected_dedup,875000000.0,0.00010330628571428572,0.007192205148628766,377;385;385;385;385,1521;402;402;402;402,1361.9;393.4;393.4;393.4;393.4,389;385;385;385;385,398;406;406;406;406,394.0;394.2;394.2;394.2;394.2,2072;2072;2072;2072;2072,4328;7031;8996;4343;4328,2858.1;3134.2;3622.5;2926.1;2841.8,612;612;612;612;612,1968;3904;4080;1974;1974,1094.4;1751.8;1665.5;1108.1;1099.7,47;47;47;47;47,1168;1252;1184;1148;1144,185.1;192.1;186.8;184.2;184.1,575;575;575;575;575,2930;5100;6435;2973;2914,1328.2;1866.9;2276.0;1346.0;1325.7,575;575;575;575;575,2103;2923;4451;2010;2152,1020.1;1458.7;1634.3;1008.2;1029.5,357;357;357;357;357,2435;3197;4796;2284;2426,1035.7;1293.8;1664.7;1008.0;1031.6,357;357;357;357;357,1833;3723;5384;1809;1817,792.0;1414.9;1923.6;779.8;789.0,2024;2024;2024;2024;2024,5341;8096;9957;5341;5329,4176.0;6034.3;7498.5;4142.0;4175.8
2026-07-11T16:06:06.685594+00:00,rmat_s8_e4.mtx,256,1490,8x8,1,True,49,230,6,6,15,True,2356,20435,104313,189,743,undirected_dedup,875000000.0,0.00011921485714285714,0.006232444661739189,377;385;385;385;385;385,1521;402;402;402;402;402,1361.9;393.4;393.4;393.4;393.4;393.4,389;385;385;385;385;385,398;406;406;406;406;406,394.0;394.2;394.2;394.2;394.2;394.2,2072;2072;2072;2072;2072;2072,4328;4649;7724;8200;4328;4328,2842.0;2864.4;3183.4;3566.4;2924.5;2841.8,612;612;612;612;612;612,1968;1978;4597;3286;1974;1974,1098.1;1120.7;1813.6;1583.0;1111.4;1099.7,47;47;47;47;47;47,1148;1184;1228;1172;1148;1144,184.2;185.4;191.9;186.6;184.2;184.1,575;575;575;575;575;575,2914;3319;5461;5923;2914;2914,1325.2;1373.0;1914.7;2239.3;1325.8;1325.7,575;575;575;575;575;575,2145;2192;4258;3134;2007;2152,1028.8;1099.6;1603.7;1473.4;1000.3;1029.5,357;357;357;357;357;357,2419;2831;4532;3408;2244;2426,1030.4;1124.3;1567.4;1357.2;997.5;1031.6,357;357;357;357;357;357,1817;2218;4157;4808;1750;1817,789.0;938.9;1506.6;1771.5;757.6;789.0,2024;2024;2024;2024;2024;2024,5325;5734;8809;9161;5282;5329,4173.3;4535.8;6592.5;6841.4;4081.2;4175.8
2026-07-11T16:07:05.576780+00:00,rmat_s8_e4.mtx,256,1490,8x8,1,True,50,225,5,5,15,True,2356,20434,91250,189,743,undirected_dedup,875000000.0,0.00010428571428571428,0.007124657534246575,377;385;385;385;385,1521;402;402;402;402,1361.9;393.4;393.4;393.4;393.4,389;385;385;385;385,398;406;406;406;406,394.0;394.2;394.2;394.2;394.2,2072;2072;2072;2072;2072,4328;6180;9648;5159;4328,2845.5;3019.2;3639.7;3044.1;2843.9,612;612;612;612;612,1968;3186;4279;2091;1974,1094.5;1477.8;1872.0;1182.5;1099.4,47;47;47;47;47,1152;1244;1192;1148;1144,184.4;191.1;188.6;184.2;184.1,575;575;575;575;575,2922;4384;7044;3672;2914,1325.8;1579.0;2519.3;1457.0;1323.9,575;575;575;575;575,2153;3625;4166;2152;2152,1031.3;1387.5;1700.8;1151.8;1029.5,357;357;357;357;357,2427;4055;4440;2637;2426,1032.5;1405.9;1611.0;1114.1;1031.6,357;357;357;357;357,1825;3156;5884;2558;1817,791.5;1192.9;2110.0;1042.6;789.0,2024;2024;2024;2024;2024,5333;7281;10625;6154;5329,4181.2;5565.3;7941.1;4765.5;4174.0
2026-07-11T16:08:10.026067+00:00,rmat_s8_e4.mtx,256,1490,8x8,1,True,51,35,5,5,15,True,2356,20434,90171,189,743,undirected_dedup,875000000.0,0.00010305257142857143,0.007209912277783323,377;385;385;385;385,1521;402;402;402;402,1361.9;393.4;393.4;393.4;393.4,389;385;385;385;385,398;406;406;406;406,394.0;394.2;394.2;394.2;394.2,2072;2072;2072;2072;2072,4328;6246;9682;4512;4328,2847.5;3035.9;3669.8;2987.1;2842.8,612;612;612;612;612,1968;3198;4351;2041;1974,1092.5;1454.3;1930.2;1116.9;1099.7,47;47;47;47;47,1156;1248;1196;1148;1144,184.5;191.2;188.3;184.2;184.1,575;575;575;575;575,2922;4392;7105;3038;2914,1326.3;1555.6;2571.7;1392.6;1324.6,575;575;575;575;575,2153;3518;3826;2007;2152,1030.5;1360.9;1702.7;1028.8;1029.5,357;357;357;357;357,2427;4448;4100;2203;2426,1032.3;1464.1;1533.9;999.2;1031.6,357;357;357;357;357,1825;3430;5729;1874;1817,792.0;1261.4;2074.9;783.5;789.0,2024;2024;2024;2024;2024,5333;7351;10655;5476;5329,4181.0;5642.0;7883.1;4204.1;4174.7
2026-07-11T16:09:09.166146+00:00,rmat_s8_e4.mtx,256,1490,8x8,1,True,52,134,5,5,15,True,2356,20434,90348,189,743,undirected_dedup,875000000.0,0.00010325485714285714,0.007195787399831762,377;385;385;385;385,1521;402;402;402;402,1361.9;393.4;393.4;393.4;393.4,389;385;385;385;385,398;406;406;406;406,394.0;394.2;394.2;394.2;394.2,2072;2072;2072;2072;2072,4377;6827;8961;4643;4328,2854.1;3138.0;3614.5;2951.6;2841.8,612;612;612;612;612,1968;3566;3938;2158;1974,1140.4;1537.9;1788.2;1128.2;1099.7,47;47;47;47;47,1164;1236;1184;1148;1144,184.9;191.9;187.3;184.2;184.1,575;575;575;575;575,3054;4799;6539;3112;2914,1358.5;1667.2;2422.3;1389.9;1325.7,575;575;575;575;575,2007;3958;3384;2218;2152,1053.3;1460.8;1599.0;1069.6;1029.5,357;357;357;357;357,2222;4580;3658;2492;2426,1005.5;1524.8;1424.7;1056.7;1031.6,357;357;357;357;357,1957;3748;5259;1998;1817,841.0;1371.8;1914.4;836.2;789.0,2024;2024;2024;2024;2024,5465;7920;9934;5577;5329,4258.3;6024.6;7360.4;4352.4;4175.8
2026-07-11T16:10:06.653447+00:00,rmat_s8_e4.mtx,256,1490,8x8,1,True,53,85,6,6,15,True,2356,20434,105663,189,743,undirected_dedup,875000000.0,0.00012075771428571429,0.00615281602831644,377;385;385;385;385;385,1521;402;402;402;402;402,1361.9;393.4;393.4;393.4;393.4;393.4,389;385;385;385;385;385,398;406;406;406;406;406,394.0;394.2;394.2;394.2;394.2;394.2,2072;2072;2072;2072;2072;2072,4328;5177;9094;6939;4328;4328,2842.0;2881.7;3310.4;3462.8;2888.5;2841.8,612;612;612;612;612;612,1968;2388;4730;2923;1974;1974,1098.2;1224.3;1941.2;1381.7;1093.1;1099.7,47;47;47;47;47;47,1148;1196;1228;1164;1148;1144,184.2;186.5;191.7;185.8;184.2;184.1,575;575;575;575;575;575,2918;3734;6632;5046;2914;2914,1325.2;1432.3;2228.3;2002.3;1319.6;1325.7,575;575;575;575;575;575,2149;3053;4954;2152;2018;2152,1030.1;1263.8;1731.8;1260.3;1018.4;1029.5,357;357;357;357;357;357,2423;3327;5228;2801;2292;2426,1031.4;1239.4;1759.0;1198.8;1008.6;1031.6,357;357;357;357;357;357,1821;2348;5440;3880;1817;1817,790.5;974.4;1976.9;1464.6;789.0;789.0,2024;2024;2024;2024;2024;2024,5329;6230;10123;7873;5285;5329,4177.2;4910.0;7696.0;5926.1;4135.6;4175.8
2026-07-11T16:11:03.895140+00:00,rmat_s8_e4.mtx,256,1490,8x8,1,True,54,179,6,6,15,True,2356,20434,105615,189,743,undirected_dedup,875000000.0,0.00012070285714285714,0.006155612365667756,377;385;385;385;385;385,1521;402;402;402;402;402,1361.9;393.4;393.4;393.4;393.4;393.4,389;385;385;385;385;385,398;406;406;406;406;406,394.0;394.2;394.2;394.2;394.2;394.2,2072;2072;2072;2072;2072;2072,4328;5177;9094;6939;4328;4328,2842.0;2881.7;3310.4;3462.8;2888.5;2841.8,612;612;612;612;612;612,1968;2388;4682;2923;1974;1974,1098.1;1223.6;1941.2;1381.7;1093.1;1099.7,47;47;47;47;47;47,1148;1196;1228;1164;1148;1144,184.2;186.5;191.7;185.8;184.2;184.1,575;575;575;575;575;575,2918;3734;6632;5046;2914;2914,1325.2;1433.2;2228.3;2002.3;1319.6;1325.7,575;575;575;575;575;575,2149;3053;4954;2152;2018;2152,1030.3;1263.5;1731.8;1260.3;1018.4;1029.5,357;357;357;357;357;357,2423;3327;5228;2801;2292;2426,1031.4;1239.4;1759.0;1198.8;1008.6;1031.6,357;357;357;357;357;357,1821;2348;5440;3880;1817;1817,790.5;974.4;1976.9;1464.6;789.0;789.0,2024;2024;2024;2024;2024;2024,5329;6230;10123;7873;5285;5329,4177.3;4910.6;7696.0;5926.1;4135.6;4175.8
2026-07-11T16:11:54.548986+00:00,rmat_s8_e4.mtx,256,1490,8x8,1,True,55,0,4,4,15,True,2357,20434,76803,189,743,undirected_dedup,875000000.0,8.777485714285714e-05,0.00846483861307501,377;385;385;385,1521;402;402;402,1361.9;393.4;393.4;393.4,389;385;385;385,398;406;406;406,394.0;394.2;394.2;394.2,2072;2072;2072;2072,5689;9359;5567;4328,2930.9;3632.0;3143.2;2844.9,612;612;612;612,2830;4344;2309;1974,1383.3;1865.0;1252.9;1099.4,47;47;47;47,1228;1204;1148;1144,189.6;190.2;184.3;184.1,575;575;575;575,3958;6871;3873;2914,1474.9;2469.3;1561.6;1322.8,575;575;575;575,3590;3856;2174;2152,1302.3;1674.6;1187.4;1029.5,357;357;357;357,3864;4130;2776;2426,1350.2;1541.7;1153.5;1031.6,357;357;357;357,2901;5591;2590;1817,1111.5;1999.6;1057.5;789.0,2024;2024;2024;2024,6770;10356;6524;5329,5238.8;7685.2;4959.9;4172.9
2026-07-11T16:12:46.956295+00:00,rmat_s8_e4.mtx,256,1490,8x8,1,True,56,84,5,5,15,True,2356,20434,91109,189,743,undirected_dedup,875000000.0,0.00010412457142857143,0.007135683631693904,377;385;385;385;385,1521;402;402;402;402,1361.9;393.4;393.4;393.4;393.4,389;385;385;385;385,398;406;406;406;406,394.0;394.2;394.2;394.2;394.2,2072;2072;2072;2072;2072,4328;6118;9475;5310;4328,2845.5;2970.2;3655.7;3069.0;2841.8,612;612;612;612;612,1968;3134;4237;2206;1974,1098.7;1443.1;1890.0;1190.6;1100.7,47;47;47;47;47,1152;1236;1200;1148;1144,184.4;190.1;189.6;184.2;184.1,575;575;575;575;575,2922;4283;7020;3708;2914,1325.3;1542.6;2503.3;1504.7;1324.6,575;575;575;575;575,2153;4034;3747;2152;2152,1028.1;1383.9;1675.5;1164.4;1029.5,357;357;357;357;357,2427;4295;4021;2861;2426,1032.5;1448.6;1517.6;1162.8;1031.6,357;357;357;357;357,1821;3209;5681;2561;1817,791.0;1204.9;2044.8;1051.8;789.0,2024;2024;2024;2024;2024,5333;7211;10460;6311;5329,4177.0;5579.9;7741.1;4883.6;4174.7
2026-07-11T16:13:40.446902+00:00,rmat_s8_e4.mtx,256,1490,8x8,1,True,57,144,5,5,15,True,2356,20434,90193,189,743,undirected_dedup,875000000.0,0.00010307771428571429,0.007208153626112891,377;385;385;385;385,1521;402;402;402;402,1361.9;393.4;393.4;393.4;393.4,389;385;385;385;385,398;406;406;406;406,394.0;394.2;394.2;394.2;394.2,2072;2072;2072;2072;2072,4441;6477;9131;4780;4328,2864.3;3102.6;3573.2;3014.4;2843.9,612;612;612;612;612,1968;2703;4705;2041;1974,1172.6;1324.7;1996.4;1104.6;1097.6,47;47;47;47;47,1168;1224;1188;1148;1144,185.5;189.5;188.9;184.3;184.1,575;575;575;575;575,3122;4609;6603;3343;2914,1349.7;1673.3;2349.9;1436.8;1325.7,575;575;575;575;575,2007;3564;3746;2124;2152,1056.9;1443.4;1614.1;1088.4;1029.5,357;357;357;357;357,2226;4382;4020;2460;2426,1010.0;1480.9;1508.7;1062.5;1031.6,357;357;357;357;357,2025;3419;5323;2179;1817,866.5;1316.0;1897.1;906.2;789.0,2024;2024;2024;2024;2024,5533;7534;10112;5758;5329,4283.2;5913.5;7369.8;4494.0;4175.8
2026-07-11T16:14:37.264170+00:00,rmat_s8_e4.mtx,256,1490,8x8,1,True,58,156,6,6,15,True,2356,20434,103868,189,743,undirected_dedup,875000000.0,0.00011870628571428571,0.0062591462240536066,377;385;385;385;385;385,1521;402;402;402;402;402,1361.9;393.4;393.4;393.4;393.4;393.4,389;385;385;385;385;385,398;406;406;406;406;406,394.0;394.2;394.2;394.2;394.2;394.2,2072;2072;2072;2072;2072;2072,4328;4665;7175;8568;4445;4328,2843.3;2864.4;3212.9;3568.7;2916.9;2841.8,612;612;612;612;612;612,1968;2246;3469;3781;2041;1974,1103.1;1154.1;1654.5;1691.7;1104.8;1099.7,47;47;47;47;47;47,1148;1164;1244;1172;1148;1144,184.2;185.4;191.8;186.8;184.2;184.1,575;575;575;575;575;575,2918;3190;5140;6241;2964;2914,1337.5;1368.5;1898.1;2177.0;1356.4;1325.7,575;575;575;575;575;575,2068;2509;3054;4094;2020;2152,1025.6;1097.2;1468.9;1579.3;1041.2;1029.5,357;357;357;357;357;357,2342;2783;3328;4483;2294;2426,1017.4;1116.8;1313.9;1583.4;1013.4;1031.6,357;357;357;357;357;357,1821;2174;4093;4793;1867;1817,790.5;872.0;1508.2;1758.5;801.5;789.0,2024;2024;2024;2024;2024;2024,5329;5686;8276;9529;5396;5329,4171.0;4454.5;6189.2;7098.2;4212.5;4175.8
2026-07-11T16:15:31.159351+00:00,rmat_s8_e4.mtx,256,1490,8x8,1,True,59,159,5,5,15,True,2357,20434,90380,189,743,undirected_dedup,875000000.0,0.00010329142857142857,0.007193239654790883,377;385;385;385;385,1521;402;402;402;402,1361.9;393.4;393.4;393.4;393.4,389;385;385;385;385,398;406;406;406;406,394.0;394.2;394.2;394.2;394.2,2072;2072;2072;2072;2072,4328;5689;9359;5567;4328,2842.0;2930.7;3631.2;3143.2;2844.9,612;612;612;612;612,1968;2822;4344;2309;1974,1104.4;1383.8;1862.8;1252.9;1099.4,47;47;47;47;47,1148;1228;1204;1148;1144,184.2;189.6;190.2;184.3;184.1,575;575;575;575;575,2918;3958;6871;3873;2914,1337.3;1474.7;2458.8;1561.6;1322.8,575;575;575;575;575,2068;3597;3904;2174;2152,1025.8;1302.7;1678.4;1187.4;1029.5,357;357;357;357;357,2342;3871;4178;2776;2426,1017.4;1351.2;1551.4;1153.5;1031.6,357;357;357;357;357,1821;2901;5591;2590;1817,790.5;1113.8;1999.6;1057.5;789.0,2024;2024;2024;2024;2024,5329;6774;10356;6524;5329,4171.1;5242.3;7688.2;4959.9;4172.9
2026-07-11T16:16:22.674465+00:00,rmat_s8_e4.mtx,256,1490,8x8,1,True,60,1,4,4,15,True,2356,20434,76610,189,743,undirected_dedup,875000000.0,8.755428571428571e-05,0.008486163686202846,377;385;385;385,1521;402;402;402,1361.9;393.4;393.4;393.4,389;385;385;385,398;406;406;406,394.0;394.2;394.2;394.2,2072;2072;2072;2072,5177;8889;6454;4328,2891.9;3468.9;3334.7;2866.9,612;612;612;612,2446;4243;2843;1974,1235.3;1874.6;1362.3;1096.1,47;47;47;47,1196;1216;1164;1144,187.2;191.5;185.4;184.1,575;575;575;575,3606;6453;4515;2914,1423.0;2274.1;1746.2;1336.7,575;575;575;575,3046;4193;2644;2018,1195.2;1690.1;1288.9;1019.9,357;357;357;357,3320;4467;2918;2292,1239.1;1594.0;1219.0;1008.6,357;357;357;357,2633;5048;3386;1817,1027.0;1841.1;1290.9;789.0,2024;2024;2024;2024,6226;9918;7411;5282,4884.2;7399.3;5544.9;4154.2
2026-07-11T16:17:16.179845+00:00,rmat_s8_e4.mtx,256,1490,8x8,1,True,61,98,5,5,15,True,2357,20434,90407,189,743,undirected_dedup,875000000.0,0.00010332228571428571,0.007191091397789995,377;385;385;385;385,1521;402;402;402;402,1361.9;393.4;393.4;393.4;393.4,389;385;385;385;385,398;406;406;406;406,394.0;394.2;394.2;394.2;394.2,2072;2072;2072;2072;2072,4328;6714;9019;4693;4328,2848.5;3102.8;3632.4;2966.8;2841.8,612;612;612;612;612,1968;3587;4189;2108;1974,1091.5;1651.0;1730.7;1132.8;1099.7,47;47;47;47;47,1156;1248;1192;1148;1144,184.6;191.6;187.9;184.2;184.1,575;575;575;575;575,2926;4795;6536;3212;2914,1326.3;1739.4;2323.5;1383.2;1325.7,575;575;575;575;575,2157;3120;4079;2201;2152,1032.4;1443.6;1632.1;1107.6;1029.5,357;357;357;357;357,2431;3394;4353;2475;2426,1033.7;1326.3;1575.8;1061.5;1031.6,357;357;357;357;357,1829;3563;5345;1900;1817,792.5;1336.8;1922.0;830.2;789.0,2024;2024;2024;2024;2024,5337;7819;9988;5630;5329,4185.0;5846.0;7453.5;4382.5;4175.8
2026-07-11T16:18:10.008302+00:00,rmat_s8_e4.mtx,256,1490,8x8,1,True,62,24,5,5,15,True,2357,20434,91829,189,743,undirected_dedup,875000000.0,0.00010494742857142857,0.007079735159916801,377;385;385;385;385,1521;402;402;402;402,1361.9;393.4;393.4;393.4;393.4,389;385;385;385;385,398;406;406;406;406,394.0;394.2;394.2;394.2;394.2,2072;2072;2072;2072;2072,5049;8290;7344;4443;4328,2864.6;3217.4;3539.8;2932.8;2841.8,612;612;612;612;612,2113;4559;3753;2041;1974,1165.5;1769.2;1570.8;1133.7;1099.7,47;47;47;47;47,1188;1232;1184;1148;1144,185.5;191.3;187.2;184.2;184.1,575;575;575;575;575,3598;6155;5056;3066;2914,1389.5;2091.0;2028.6;1372.8;1325.7,575;575;575;575;575,2910;4682;2192;2007;2152,1235.5;1686.7;1274.1;1047.7;1029.5,357;357;357;357;357,3184;4956;2915;2202;2426,1203.6;1669.5;1218.0;996.6;1031.6,357;357;357;357;357,2429;4649;4340;1835;1817,1018.5;1706.2;1554.8;785.6;789.0,2024;2024;2024;2024;2024,6090;9321;8357;5434;5329,4847.1;7153.4;6075.5;4202.7;4175.8
2026-07-11T16:19:02.571566+00:00,rmat_s8_e4.mtx,256,1490,8x8,1,True,63,75,5,5,15,True,2356,20434,90393,189,743,undirected_dedup,875000000.0,0.00010330628571428572,0.007192205148628766,377;385;385;385;385,1521;402;402;402;402,1361.9;393.4;393.4;393.4;393.4,389;385;385;385;385,398;406;406;406;406,394.0;394.2;394.2;394.2;394.2,2072;2072;2072;2072;2072,4328;5689;9359;5567;4328,2844.3;2953.4;3634.4;3118.2;2844.9,612;612;612;612;612,1968;2836;4344;2309;1974,1095.9;1362.6;1911.1;1225.6;1099.4,47;47;47;47;47,1152;1228;1200;1148;1144,184.3;189.6;190.0;184.3;184.1,575;575;575;575;575,2918;3958;6885;3873;2914,1325.7;1476.2;2491.0;1556.9;1322.8,575;575;575;575;575,2149;3597;3601;2303;2152,1029.5;1302.0;1657.6;1198.6;1029.5,357;357;357;357;357,2423;3871;3875;3074;2426,1031.4;1351.5;1486.4;1199.2;1031.6,357;357;357;357;357,1821;2901;5591;2590;1817,790.5;1111.0;2001.9;1057.5;789.0,2024;2024;2024;2024;2024,5329;6774;10356;6524;5329,4177.1;5240.8;7636.9;5012.3;4172.9
2026-07-11T16:24:56.573737+00:00,rmat4.4x4.lb.mtx,16,108,4x4,1,False,0,10,3,3,10,True,1485,2431,18399,16,108,directed_source_visited,875000000.0,2.102742857142857e-05,0.0051361487037338985,346;355;355,523;364;364,474.5;359.8;359.8,356;355;355,368;368;368,362.2;362.2;362.2,704;728;771,921;1114;1089,769.2;923.5;941.0,581;581;581,1008;1018;1078,696.6;739.1;698.1,46;46;46,100;101;100,59.5;59.7;59.5,575;575;575,1149;1084;1243,736.2;731.1;723.9,575;575;575,907;999;907,683.2;701.6;690.9,354;354;354,959;852;937,540.7;490.9;537.8,357;357;357,741;537;727,544.5;474.0;573.8,2204;2101;2235,2676;2581;2773,2504.7;2397.7;2526.4
2026-07-11T16:25:06.185582+00:00,rmat4.4x4.lb.mtx,16,108,4x4,1,False,1,1,3,3,10,True,1486,2433,17833,16,108,directed_source_visited,875000000.0,2.0380571428571427e-05,0.005299164470363933,346;355;355,523;364;364,474.5;359.8;359.8,356;355;355,368;368;368,362.2;362.2;362.2,704;795;821,921;1069;1089,777.4;940.7;925.1,581;581;581,910;907;1032,690.8;676.9;702.9,46;46;46,101;101;100,59.6;59.7;59.5,575;575;575,1035;1077;1161,693.2;710.8;744.8,575;575;575,1002;974;977,703.4;712.8;694.5,354;354;354,781;861;955,487.9;497.9;511.2,357;357;357,509;497;765,435.8;436.2;569.0,2073;2061;2253,2466;2562;2734,2320.3;2357.8;2519.5
2026-07-11T16:25:15.835972+00:00,rmat4.4x4.lb.mtx,16,108,4x4,1,False,2,4,3,3,10,True,1486,2431,18596,16,108,directed_source_visited,875000000.0,2.125257142857143e-05,0.005081738008173801,346;355;355,523;364;364,474.5;359.8;359.8,356;355;355,368;368;368,362.2;362.2;362.2,704;869;704,1049;1182;941,794.2;1023.9;796.1,581;581;581,1164;1063;997,719.2;703.5;702.5,46;46;46,101;101;100,59.7;59.6;59.5,575;575;575,1310;1082;1165,754.7;717.0;727.2,575;575;575,1259;1026;907,784.8;695.2;681.8,354;354;354,1000;782;971,540.4;498.8;537.7,357;357;357,495;674;685,438.0;549.0;541.2,2059;2214;2204,2737;2632;2688,2517.9;2460.0;2487.9
2026-07-11T16:25:25.780438+00:00,rmat4.4x4.lb.mtx,16,108,4x4,1,False,3,12,3,3,10,True,1485,2432,18087,16,108,directed_source_visited,875000000.0,2.0670857142857143e-05,0.0052247470558965,346;355;355,523;364;364,474.5;359.8;359.8,356;355;355,368;368;368,362.2;362.2;362.2,704;843;704,985;1134;941,790.2;1010.2;823.2,581;581;581,1005;936;997,721.5;680.8;691.2,46;46;46,101;101;100,59.7;59.6;59.5,575;575;575,1103;1123;1165,729.6;706.9;720.2,575;575;575,1020;987;980,684.8;707.1;689.1,354;354;354,892;877;977,508.9;502.8;533.9,357;357;357,654;513;708,548.2;447.8;528.8,2218;2077;2204,2689;2594;2664,2471.6;2364.5;2472.0
2026-07-11T16:25:36.052730+00:00,rmat4.4x4.lb.mtx,16,108,4x4,1,False,4,14,4,4,10,True,1485,2432,23252,16,108,directed_source_visited,875000000.0,2.6573714285714287e-05,0.004064166523309823,346;355;355;355,523;364;364;364,474.5;359.8;359.8;359.8,356;355;355;355,368;368;368;368,362.2;362.2;362.2;362.2,704;835;771;704,921;1083;1053;843,770.2;942.2;924.9;754.4,581;581;581;581,1011;960;1019;937,685.4;700.3;700.6;679.2,46;46;46;46,100;101;100;100,59.5;59.7;59.5;59.5,575;575;575;575,1126;1128;1160;1078,724.9;722.0;711.1;717.5,575;575;575;575,985;1022;920;975,685.7;717.4;684.1;684.1,354;354;354;354,824;964;901;806,502.0;505.1;531.6;505.3,357;357;357;357,700;521;691;712,532.2;426.2;546.2;559.0,2144;2085;2204;2217,2606;2560;2685;2601,2444.8;2370.8;2473.0;2465.9
2026-07-11T16:25:45.971221+00:00,rmat4.4x4.lb.mtx,16,108,4x4,1,False,5,5,3,3,10,True,1485,2432,18627,16,108,directed_source_visited,875000000.0,2.1288e-05,0.005073280721533259,346;355;355,523;364;364,474.5;359.8;359.8,356;355;355,368;368;368,362.2;362.2;362.2,704;835;704,937;1148;1039,777.4;959.9;902.3,581;581;581,1009;1111;1095,700.1;713.2;710.8,46;46;46,101;101;100,59.6;59.7;59.5,575;575;575,1178;1153;1263,718.2;732.1;713.2,575;575;575,988;1054;909,718.3;691.0;683.6,354;354;354,1000;902;887,535.9;514.1;535.2,357;357;357,734;700;677,549.5;534.0;539.2,2204;2156;2204,2705;2679;2762,2521.9;2471.2;2471.4
2026-07-11T16:25:56.576294+00:00,rmat4.4x4.lb.mtx,16,108,4x4,1,False,6,2,4,4,10,True,1486,2432,22847,16,108,directed_source_visited,875000000.0,2.611085714285714e-05,0.004136210443384252,346;355;355;355,523;364;364;364,474.5;359.8;359.8;359.8,356;355;355;355,368;368;368;368,362.2;362.2;362.2;362.2,704;704;869;704,857;971;1103;843,766.2;871.8;981.9;762.8,581;581;581;581,875;950;955;872,683.3;676.9;710.0;681.0,46;46;46;46,100;101;100;100,59.5;59.7;59.5;59.5,575;575;575;575,1035;1105;1208;1025,688.4;703.9;734.6;687.7,575;575;575;575,989;908;984;989,706.3;692.9;705.2;704.1,354;354;354;354,781;935;1012;781,499.0;521.8;518.8;497.8,357;357;357;357,630;710;683;630,513.2;558.0;544.0;513.2,2194;2212;2247;2194,2534;2660;2729;2524,2406.9;2476.6;2502.6;2402.8
2026-07-11T16:26:06.331986+00:00,rmat4.4x4.lb.mtx,16,108,4x4,1,False,7,0,3,3,10,True,1486,2432,18221,16,108,directed_source_visited,875000000.0,2.0824e-05,0.005186323472915867,346;355;355,523;364;364,474.5;359.8;359.8,356;355;355,368;368;368,362.2;362.2;362.2,704;910;704,1049;1168;893,802.2;1035.9;773.2,581;581;581,995;988;988,724.5;706.9;689.0,46;46;46,101;101;100,59.7;59.6;59.5,575;575;575,1164;1144;1117,703.4;725.3;726.0,575;575;575,1081;984;940,721.1;717.8;688.4,354;354;354,817;977;923,505.1;521.1;523.9,357;357;357,559;666;727,461.0;535.5;538.0,2123;2230;2204,2595;2762;2640,2390.6;2499.6;2476.3
2026-07-11T16:26:16.359557+00:00,rmat4.4x4.lb.mtx,16,108,4x4,1,False,8,6,3,3,10,True,1486,2432,18227,16,108,directed_source_visited,875000000.0,2.0830857142857144e-05,0.00518461622867175,346;355;355,523;364;364,474.5;359.8;359.8,356;355;355,368;368;368,362.2;362.2;362.2,704;821;728,985;1131;1027,774.2;956.8;908.3,581;581;581,912;1042;956,694.3;693.4;700.6,46;46;46,100;101;100,59.5;59.7;59.5,575;575;575,1049;1239;1098,697.0;730.5;702.0,575;575;575,988;908;972,718.8;697.9;685.8,354;354;354,939;967;807,528.9;542.0;518.3,357;357;357,716;713;722,568.2;559.8;569.5,2280;2207;2284,2687;2741;2604,2512.9;2530.1;2475.6
2026-07-11T16:26:26.183017+00:00,rmat4.4x4.lb.mtx,16,108,4x4,1,False,9,8,3,3,10,True,1486,2432,18472,16,108,directed_source_visited,875000000.0,2.1110857142857142e-05,0.005115851017756605,346;355;355,523;364;364,474.5;359.8;359.8,356;355;355,368;368;368,362.2;362.2;362.2,704;895;704,985;1148;943,790.2;1010.6;826.1,581;581;581,1123;1044;1015,709.5;691.2;707.9,46;46;46,101;101;100,59.7;59.6;59.5,575;575;575,1289;1111;1183,740.3;727.1;716.1,575;575;575,988;907;1007,688.2;685.6;721.9,354;354;354,1102;868;935,568.6;507.5;522.4,357;357;357,760;665;655,556.5;521.5;510.0,2144;2156;2204,2759;2630;2682,2553.6;2441.7;2470.4
2026-07-11T16:26:36.656862+00:00,rmat4.4x4.lb.mtx,16,108,4x4,1,False,10,3,4,4,10,True,1486,2432,23132,16,108,directed_source_visited,875000000.0,2.643657142857143e-05,0.004085249870309528,346;355;355;355,523;364;364;364,474.5;359.8;359.8;359.8,356;355;355;355,368;368;368;368,362.2;362.2;362.2;362.2,704;771;843;704,857;1035;1120;843,766.2;891.6;974.0;754.4,581;581;581;581,875;946;988;937,683.3;684.3;703.9;679.2,46;46;46;46,101;101;100;100,59.6;59.7;59.5;59.5,575;575;575;575,1036;1155;1143;1078,688.4;707.4;721.1;717.5,575;575;575;575,989;972;988;975,706.4;695.4;722.4;684.1,354;354;354;354,781;806;1024;806,499.1;511.6;523.8;505.3,357;357;357;357,631;698;651;712,514.0;553.0;534.2;559.0,2195;2231;2215;2217,2535;2654;2766;2601,2407.9;2467.4;2501.6;2465.9
2026-07-11T16:26:47.289871+00:00,rmat4.4x4.lb.mtx,16,108,4x4,1,False,11,15,4,4,10,True,1486,2432,23557,16,108,directed_source_visited,875000000.0,2.6922285714285714e-05,0.00401154646177357,346;355;355;355,523;364;364;364,474.5;359.8;359.8;359.8,356;355;355;355,368;368;368;368,362.2;362.2;362.2;362.2,704;704;869;704,857;1035;1120;893,756.1;848.8;1005.0;764.8,581;581;581;581,951;1009;1049;988,683.5;702.9;700.3;690.9,46;46;46;46,100;101;101;100,59.5;59.7;59.6;59.5,575;575;575;575,1084;1178;1116;1117,720.9;711.9;724.1;721.8,575;575;575;575,975;1246;993;935,684.1;777.2;690.6;690.8,354;354;354;354,814;981;955;923,505.1;522.1;516.1;532.3,357;357;357;357,705;531;776;727,555.8;454.5;578.2;538.0,2209;2059;2255;2204,2611;2695;2734;2640,2465.9;2465.6;2509.1;2482.8
2026-07-11T16:26:57.244823+00:00,rmat4.4x4.lb.mtx,16,108,4x4,1,False,12,13,3,3,10,True,1485,2433,18070,16,108,directed_source_visited,875000000.0,2.0651428571428572e-05,0.005229662423907028,346;355;355,523;364;364,474.5;359.8;359.8,356;355;355,368;368;368,362.2;362.2;362.2,704;835;771,947;1083;1027,781.4;962.3;899.8,581;581;581,1011;961;959,693.9;690.4;688.1,46;46;46,101;101;100,59.6;59.7;59.5,575;575;575,1126;1130;1142,734.6;713.5;703.7,575;575;575,1068;986;975,690.8;722.2;688.9,354;354;354,941;966;808,529.8;499.4;507.3,357;357;357,832;522;668,602.0;426.5;542.8,2276;2086;2229,2738;2561;2641,2557.2;2361.6;2442.7
2026-07-11T16:27:07.675051+00:00,rmat4.4x4.lb.mtx,16,108,4x4,1,False,13,7,4,4,10,True,1485,2432,23281,16,108,directed_source_visited,875000000.0,2.660685714285714e-05,0.0040591039903784204,346;355;355;355,523;364;364;364,474.5;359.8;359.8;359.8,356;355;355;355,368;368;368;368,362.2;362.2;362.2;362.2,704;704;843;704,921;1083;1103;843,765.2;873.8;977.2;754.4,581;581;581;581,958;1087;957;937,692.8;750.1;688.9;679.2,46;46;46;46,101;101;100;100,59.6;59.6;59.5;59.5,575;575;575;575,1104;1058;1162;1078,714.1;699.8;725.7;717.5,575;575;575;575,1053;989;973;975,728.3;696.0;716.8;684.1,354;354;354;354,939;781;997;806,504.5;497.4;532.2;505.3,357;357;357;357,488;634;666;712,413.5;512.2;522.8;559.0,2052;2196;2219;2217,2524;2562;2731;2601,2360.4;2405.4;2497.4;2465.9
2026-07-11T16:27:17.626130+00:00,rmat4.4x4.lb.mtx,16,108,4x4,1,False,14,9,3,3,10,True,1486,2432,18220,16,108,directed_source_visited,875000000.0,2.0822857142857144e-05,0.005186608122941822,346;355;355,523;364;364,474.5;359.8;359.8,356;355;355,368;368;368,362.2;362.2;362.2,704;821;728,937;1148;1010,789.4;987.2;850.6,581;581;581,1008;961;999,708.8;689.0;709.2,46;46;46,101;101;100,59.6;59.6;59.5,575;575;575,1146;1220;1066,741.2;713.2;719.2,575;575;575,907;977;1017,680.8;700.0;687.3,354;354;354,959;790;890,524.7;510.5;523.4,357;357;357,544;682;703,457.5;558.5;562.8,2108;2246;2241,2608;2719;2687,2404.2;2482.2;2492.6
2026-07-11T16:27:28.276437+00:00,rmat4.4x4.lb.mtx,16,108,4x4,1,False,15,11,4,4,10,True,1486,2431,23289,16,108,directed_source_visited,875000000.0,2.6616e-05,0.0040577096483318306,346;355;355;355,523;364;364;364,474.5;359.8;359.8;359.8,356;355;355;355,368;368;368;368,362.2;362.2;362.2;362.2,704;704;821;704,857;947;1134;910,756.1;811.0;996.4;813.9,581;581;581;581,917;947;1059;919,679.9;701.5;708.5;698.8,46;46;46;46,100;101;101;100,59.5;59.6;59.6;59.5,575;575;575;575,1085;1066;1242;1105,710.0;711.9;726.1;713.8,575;575;575;575,907;1075;956;989,697.7;700.9;702.8;702.4,354;354;354;354,895;870;1032;781,521.8;519.2;529.1;500.4,357;357;357;357,677;749;654;692,541.0;587.8;517.5;564.2,2204;2284;2204;2256,2612;2667;2741;2604,2470.5;2519.9;2475.5;2480.8
2026-07-11T20:20:25.653235+00:00,rmat4.4x4.lb.mtx,16,108,4x4,1,False,0,15,4,4,10,True,1485,2432,23556,16,108,directed_source_visited,875000000.0,2.692114285714286e-05,0.004011716760061131,346;355;355;355,523;364;364;364,474.5;359.8;359.8;359.8,356;355;355;355,368;368;368;368,362.2;362.2;362.2;362.2,704;704;869;704,857;1035;1120;893,756.1;848.8;1005.0;764.8,581;581;581;581,951;1009;1049;988,683.5;702.9;700.3;690.9,46;46;46;46,100;101;101;100,59.5;59.7;59.6;59.5,575;575;575;575,1084;1178;1116;1117,720.9;711.9;724.1;721.8,575;575;575;575,975;1246;993;935,684.1;777.2;690.6;690.8,354;354;354;354,814;981;955;923,505.1;522.1;516.1;532.3,357;357;357;357,705;531;776;727,555.8;454.5;578.2;538.0,2209;2059;2255;2204,2611;2695;2734;2640,2465.9;2465.6;2509.1;2482.8
2026-07-11T20:20:35.891452+00:00,rmat4.4x4.lb.mtx,16,108,4x4,1,False,1,8,3,3,10,True,1485,2432,18471,16,108,directed_source_visited,875000000.0,2.1109714285714287e-05,0.005116127984407992,346;355;355,523;364;364,474.5;359.8;359.8,356;355;355,368;368;368,362.2;362.2;362.2,704;895;704,985;1148;943,790.2;1010.6;826.1,581;581;581,1123;1044;1015,709.5;691.2;707.9,46;46;46,101;101;100,59.7;59.6;59.5,575;575;575,1289;1111;1183,740.3;727.1;716.1,575;575;575,988;907;1007,688.2;685.6;721.9,354;354;354,1102;868;935,568.6;507.5;522.4,357;357;357,760;665;655,556.5;521.5;510.0,2144;2156;2204,2759;2630;2682,2553.6;2441.7;2470.4
2026-07-11T20:20:46.553686+00:00,rmat4.4x4.lb.mtx,16,108,4x4,1,False,2,11,4,4,10,True,1486,2432,23289,16,108,directed_source_visited,875000000.0,2.6616e-05,0.0040577096483318306,346;355;355;355,523;364;364;364,474.5;359.8;359.8;359.8,356;355;355;355,368;368;368;368,362.2;362.2;362.2;362.2,704;704;821;704,857;947;1134;910,756.1;811.0;996.4;813.9,581;581;581;581,917;947;1059;919,679.9;701.5;708.5;698.8,46;46;46;46,100;101;101;100,59.5;59.6;59.6;59.5,575;575;575;575,1085;1066;1242;1105,710.0;711.9;726.1;713.8,575;575;575;575,907;1075;956;989,697.7;700.9;702.8;702.4,354;354;354;354,895;870;1032;781,521.8;519.2;529.1;500.4,357;357;357;357,677;749;654;692,541.0;587.8;517.5;564.2,2204;2284;2204;2256,2612;2667;2741;2604,2470.5;2519.9;2475.5;2480.8
2026-07-11T20:20:58.685617+00:00,rmat4.4x4.lb.mtx,16,108,4x4,1,False,3,3,4,4,10,True,1485,2432,23131,16,108,directed_source_visited,875000000.0,2.6435428571428573e-05,0.004085426483939302,346;355;355;355,523;364;364;364,474.5;359.8;359.8;359.8,356;355;355;355,368;368;368;368,362.2;362.2;362.2;362.2,704;771;843;704,857;1035;1120;843,766.2;891.6;974.0;754.4,581;581;581;581,875;946;988;937,683.3;684.3;703.9;679.2,46;46;46;46,101;101;100;100,59.6;59.7;59.5;59.5,575;575;575;575,1036;1155;1143;1078,688.4;707.4;721.1;717.5,575;575;575;575,989;972;988;975,706.4;695.4;722.4;684.1,354;354;354;354,781;806;1024;806,499.1;511.6;523.8;505.3,357;357;357;357,631;698;651;712,514.0;553.0;534.2;559.0,2195;2231;2215;2217,2535;2654;2766;2601,2407.9;2467.4;2501.6;2465.9
2026-07-11T20:21:09.649582+00:00,rmat4.4x4.lb.mtx,16,108,4x4,1,False,4,2,4,4,10,True,1486,2432,22847,16,108,directed_source_visited,875000000.0,2.611085714285714e-05,0.004136210443384252,346;355;355;355,523;364;364;364,474.5;359.8;359.8;359.8,356;355;355;355,368;368;368;368,362.2;362.2;362.2;362.2,704;704;869;704,857;971;1103;843,766.2;871.8;981.9;762.8,581;581;581;581,875;950;955;872,683.3;676.9;710.0;681.0,46;46;46;46,100;101;100;100,59.5;59.7;59.5;59.5,575;575;575;575,1035;1105;1208;1025,688.4;703.9;734.6;687.7,575;575;575;575,989;908;984;989,706.3;692.9;705.2;704.1,354;354;354;354,781;935;1012;781,499.0;521.8;518.8;497.8,357;357;357;357,630;710;683;630,513.2;558.0;544.0;513.2,2194;2212;2247;2194,2534;2660;2729;2524,2406.9;2476.6;2502.6;2402.8
2026-07-11T20:21:20.761333+00:00,rmat4.4x4.lb.mtx,16,108,4x4,1,False,5,12,3,3,10,True,1486,2435,18088,16,108,directed_source_visited,875000000.0,2.0672e-05,0.005224458204334365,346;355;355,523;364;364,474.5;359.8;359.8,356;355;355,368;368;368,362.2;362.2;362.2,704;843;704,985;1134;941,790.2;1010.2;823.2,581;581;581,1005;936;997,721.5;680.8;691.2,46;46;46,101;101;100,59.7;59.6;59.5,575;575;575,1103;1123;1165,729.6;706.9;720.2,575;575;575,1020;987;980,684.8;707.1;689.1,354;354;354,892;877;977,508.9;502.8;533.9,357;357;357,654;513;708,548.2;447.8;528.8,2218;2077;2204,2689;2594;2664,2471.6;2364.5;2472.0
2026-07-11T20:21:30.783542+00:00,rmat4.4x4.lb.mtx,16,108,4x4,1,False,6,5,3,3,10,True,1485,2431,18627,16,108,directed_source_visited,875000000.0,2.1288e-05,0.005073280721533259,346;355;355,523;364;364,474.5;359.8;359.8,356;355;355,368;368;368,362.2;362.2;362.2,704;835;704,937;1148;1039,777.4;959.9;902.3,581;581;581,1009;1111;1095,700.1;713.2;710.8,46;46;46,101;101;100,59.6;59.7;59.5,575;575;575,1178;1153;1263,718.2;732.1;713.2,575;575;575,988;1054;909,718.3;691.0;683.6,354;354;354,1000;902;887,535.9;514.1;535.2,357;357;357,734;700;677,549.5;534.0;539.2,2204;2156;2204,2705;2679;2762,2521.9;2471.2;2471.4
2026-07-11T20:21:40.494312+00:00,rmat4.4x4.lb.mtx,16,108,4x4,1,False,7,4,3,3,10,True,1486,2434,18596,16,108,directed_source_visited,875000000.0,2.125257142857143e-05,0.005081738008173801,346;355;355,523;364;364,474.5;359.8;359.8,356;355;355,368;368;368,362.2;362.2;362.2,704;869;704,1049;1182;941,794.2;1023.9;796.1,581;581;581,1164;1063;997,719.2;703.5;702.5,46;46;46,101;101;100,59.7;59.6;59.5,575;575;575,1310;1082;1165,754.7;717.0;727.2,575;575;575,1259;1026;907,784.8;695.2;681.8,354;354;354,1000;782;971,540.4;498.8;537.7,357;357;357,495;674;685,438.0;549.0;541.2,2059;2214;2204,2737;2632;2688,2517.9;2460.0;2487.9
2026-07-11T20:21:50.200140+00:00,rmat4.4x4.lb.mtx,16,108,4x4,1,False,8,10,3,3,10,True,1486,2432,18400,16,108,directed_source_visited,875000000.0,2.102857142857143e-05,0.0051358695652173915,346;355;355,523;364;364,474.5;359.8;359.8,356;355;355,368;368;368,362.2;362.2;362.2,704;728;771,921;1114;1089,769.2;923.5;941.0,581;581;581,1008;1018;1078,696.6;739.1;698.1,46;46;46,100;101;100,59.5;59.7;59.5,575;575;575,1149;1084;1243,736.2;731.1;723.9,575;575;575,907;999;907,683.2;701.6;690.9,354;354;354,959;852;937,540.7;490.9;537.8,357;357;357,741;537;727,544.5;474.0;573.8,2204;2101;2235,2676;2581;2773,2504.7;2397.7;2526.4
2026-07-11T20:22:01.593628+00:00,rmat4.4x4.lb.mtx,16,108,4x4,1,False,9,13,3,3,10,True,1486,2432,18071,16,108,directed_source_visited,875000000.0,2.0652571428571427e-05,0.005229373028609374,346;355;355,523;364;364,474.5;359.8;359.8,356;355;355,368;368;368,362.2;362.2;362.2,704;835;771,947;1083;1027,781.4;962.3;899.8,581;581;581,1011;961;959,693.9;690.4;688.1,46;46;46,101;101;100,59.6;59.7;59.5,575;575;575,1126;1130;1142,734.6;713.5;703.7,575;575;575,1068;986;975,690.8;722.2;688.9,354;354;354,941;966;808,529.8;499.4;507.3,357;357;357,832;522;668,602.0;426.5;542.8,2276;2086;2229,2738;2561;2641,2557.2;2361.6;2442.7
2026-07-11T20:22:12.441302+00:00,rmat4.4x4.lb.mtx,16,108,4x4,1,False,10,14,4,4,10,True,1486,2432,23253,16,108,directed_source_visited,875000000.0,2.6574857142857142e-05,0.004063991743000903,346;355;355;355,523;364;364;364,474.5;359.8;359.8;359.8,356;355;355;355,368;368;368;368,362.2;362.2;362.2;362.2,704;835;771;704,921;1083;1053;843,770.2;942.2;924.9;754.4,581;581;581;581,1011;960;1019;937,685.4;700.3;700.6;679.2,46;46;46;46,100;101;100;100,59.5;59.7;59.5;59.5,575;575;575;575,1126;1128;1160;1078,724.9;722.0;711.1;717.5,575;575;575;575,985;1022;920;975,685.7;717.4;684.1;684.1,354;354;354;354,824;964;901;806,502.0;505.1;531.6;505.3,357;357;357;357,700;521;691;712,532.2;426.2;546.2;559.0,2144;2085;2204;2217,2606;2560;2685;2601,2444.8;2370.8;2473.0;2465.9
2026-07-11T20:22:22.122363+00:00,rmat4.4x4.lb.mtx,16,108,4x4,1,False,11,0,3,3,10,True,1486,2432,18221,16,108,directed_source_visited,875000000.0,2.0824e-05,0.005186323472915867,346;355;355,523;364;364,474.5;359.8;359.8,356;355;355,368;368;368,362.2;362.2;362.2,704;910;704,1049;1168;893,802.2;1035.9;773.2,581;581;581,995;988;988,724.5;706.9;689.0,46;46;46,101;101;100,59.7;59.6;59.5,575;575;575,1164;1144;1117,703.4;725.3;726.0,575;575;575,1081;984;940,721.1;717.8;688.4,354;354;354,817;977;923,505.1;521.1;523.9,357;357;357,559;666;727,461.0;535.5;538.0,2123;2230;2204,2595;2762;2640,2390.6;2499.6;2476.3
2026-07-11T20:22:31.860151+00:00,rmat4.4x4.lb.mtx,16,108,4x4,1,False,12,1,3,3,10,True,1486,2432,17833,16,108,directed_source_visited,875000000.0,2.0380571428571427e-05,0.005299164470363933,346;355;355,523;364;364,474.5;359.8;359.8,356;355;355,368;368;368,362.2;362.2;362.2,704;795;821,921;1069;1089,777.4;940.7;925.1,581;581;581,910;907;1032,690.8;676.9;702.9,46;46;46,101;101;100,59.6;59.7;59.5,575;575;575,1035;1077;1161,693.2;710.8;744.8,575;575;575,1002;974;977,703.4;712.8;694.5,354;354;354,781;861;955,487.9;497.9;511.2,357;357;357,509;497;765,435.8;436.2;569.0,2073;2061;2253,2466;2562;2734,2320.3;2357.8;2519.5
2026-07-11T20:22:42.948809+00:00,rmat4.4x4.lb.mtx,16,108,4x4,1,False,13,7,4,4,10,True,1486,2432,23282,16,108,directed_source_visited,875000000.0,2.6608e-05,0.004058929645219483,346;355;355;355,523;364;364;364,474.5;359.8;359.8;359.8,356;355;355;355,368;368;368;368,362.2;362.2;362.2;362.2,704;704;843;704,921;1083;1103;843,765.2;873.8;977.2;754.4,581;581;581;581,958;1087;957;937,692.8;750.1;688.9;679.2,46;46;46;46,101;101;100;100,59.6;59.6;59.5;59.5,575;575;575;575,1104;1058;1162;1078,714.1;699.8;725.7;717.5,575;575;575;575,1053;989;973;975,728.3;696.0;716.8;684.1,354;354;354;354,939;781;997;806,504.5;497.4;532.2;505.3,357;357;357;357,488;634;666;712,413.5;512.2;522.8;559.0,2052;2196;2219;2217,2524;2562;2731;2601,2360.4;2405.4;2497.4;2465.9
2026-07-11T20:22:52.894449+00:00,rmat4.4x4.lb.mtx,16,108,4x4,1,False,14,9,3,3,10,True,1486,2432,18220,16,108,directed_source_visited,875000000.0,2.0822857142857144e-05,0.005186608122941822,346;355;355,523;364;364,474.5;359.8;359.8,356;355;355,368;368;368,362.2;362.2;362.2,704;821;728,937;1148;1010,789.4;987.2;850.6,581;581;581,1008;961;999,708.8;689.0;709.2,46;46;46,101;101;100,59.6;59.6;59.5,575;575;575,1146;1220;1066,741.2;713.2;719.2,575;575;575,907;977;1017,680.8;700.0;687.3,354;354;354,959;790;890,524.7;510.5;523.4,357;357;357,544;682;703,457.5;558.5;562.8,2108;2246;2241,2608;2719;2687,2404.2;2482.2;2492.6
2026-07-11T20:23:04.215780+00:00,rmat4.4x4.lb.mtx,16,108,4x4,1,False,15,6,3,3,10,True,1485,2432,18226,16,108,directed_source_visited,875000000.0,2.0829714285714286e-05,0.005184900691320092,346;355;355,523;364;364,474.5;359.8;359.8,356;355;355,368;368;368,362.2;362.2;362.2,704;821;728,985;1131;1027,774.2;956.8;908.3,581;581;581,912;1042;956,694.3;693.4;700.6,46;46;46,100;101;100,59.5;59.7;59.5,575;575;575,1049;1239;1098,697.0;730.5;702.0,575;575;575,988;908;972,718.8;697.9;685.8,354;354;354,939;967;807,528.9;542.0;518.3,357;357;357,716;713;722,568.2;559.8;569.5,2280;2207;2284,2687;2741;2604,2512.9;2530.1;2475.6
2026-07-11T20:39:54.414936+00:00,rmat4.4x4.lb.mtx,16,108,4x4,1,False,0,15,4,4,10,True,1485,1467,25023,16,108,directed_source_visited,875000000.0,2.8597714285714287e-05,0.003776525596451265,346;355;355;355,523;364;364;364,474.5;359.8;359.8;359.8,356;355;355;355,368;368;368;368,362.2;362.2;362.2;362.2,704;704;869;704,857;1035;1120;893,756.1;848.8;1005.0;764.8,581;581;581;581,951;1009;1049;988,683.5;702.9;700.3;690.9,46;46;46;46,100;101;101;100,59.5;59.7;59.6;59.5,575;575;575;575,1084;1178;1116;1117,720.9;711.9;724.1;721.8,575;575;575;575,975;1246;993;935,684.1;777.2;690.6;690.8,354;354;354;354,814;981;955;923,505.1;522.1;516.1;532.3,357;357;357;357,705;531;776;727,555.8;454.5;578.2;538.0,2209;2059;2255;2204,2611;2695;2734;2640,2465.9;2465.6;2509.1;2482.8
2026-07-11T20:40:03.769528+00:00,rmat4.4x4.lb.mtx,16,108,4x4,1,False,1,8,3,3,10,True,1486,1468,19940,16,108,directed_source_visited,875000000.0,2.278857142857143e-05,0.004739217652958877,346;355;355,523;364;364,474.5;359.8;359.8,356;355;355,368;368;368,362.2;362.2;362.2,704;895;704,985;1148;943,790.2;1010.6;826.1,581;581;581,1123;1044;1015,709.5;691.2;707.9,46;46;46,101;101;100,59.7;59.6;59.5,575;575;575,1289;1111;1183,740.3;727.1;716.1,575;575;575,988;907;1007,688.2;685.6;721.9,354;354;354,1102;868;935,568.6;507.5;522.4,357;357;357,760;665;655,556.5;521.5;510.0,2144;2156;2204,2759;2630;2682,2553.6;2441.7;2470.4
2026-07-11T20:40:14.287965+00:00,rmat4.4x4.lb.mtx,16,108,4x4,1,False,2,11,4,4,10,True,1486,1748,25037,16,108,directed_source_visited,875000000.0,2.8613714285714284e-05,0.0037744138674761355,346;355;355;355,523;364;364;364,474.5;359.8;359.8;359.8,356;355;355;355,368;368;368;368,362.2;362.2;362.2;362.2,704;704;821;704,857;947;1134;910,756.1;811.0;996.4;813.9,581;581;581;581,917;947;1059;919,679.9;701.5;708.5;698.8,46;46;46;46,100;101;101;100,59.5;59.6;59.6;59.5,575;575;575;575,1085;1066;1242;1105,710.0;711.9;726.1;713.8,575;575;575;575,907;1075;956;989,697.7;700.9;702.8;702.4,354;354;354;354,895;870;1032;781,521.8;519.2;529.1;500.4,357;357;357;357,677;749;654;692,541.0;587.8;517.5;564.2,2204;2284;2204;2256,2612;2667;2741;2604,2470.5;2519.9;2475.5;2480.8
2026-07-11T20:40:25.154554+00:00,rmat4.4x4.lb.mtx,16,108,4x4,1,False,3,3,4,4,10,True,1486,1467,24599,16,108,directed_source_visited,875000000.0,2.8113142857142857e-05,0.0038416195780316274,346;355;355;355,523;364;364;364,474.5;359.8;359.8;359.8,356;355;355;355,368;368;368;368,362.2;362.2;362.2;362.2,704;771;843;704,857;1035;1120;843,766.2;891.6;974.0;754.4,581;581;581;581,875;946;988;937,683.3;684.3;703.9;679.2,46;46;46;46,101;101;100;100,59.6;59.7;59.5;59.5,575;575;575;575,1036;1155;1143;1078,688.4;707.4;721.1;717.5,575;575;575;575,989;972;988;975,706.4;695.4;722.4;684.1,354;354;354;354,781;806;1024;806,499.1;511.6;523.8;505.3,357;357;357;357,631;698;651;712,514.0;553.0;534.2;559.0,2195;2231;2215;2217,2535;2654;2766;2601,2407.9;2467.4;2501.6;2465.9
2026-07-11T20:40:36.637690+00:00,rmat4.4x4.lb.mtx,16,108,4x4,1,False,4,2,4,4,10,True,1485,1466,24312,16,108,directed_source_visited,875000000.0,2.7785142857142856e-05,0.003886969397828233,346;355;355;355,523;364;364;364,474.5;359.8;359.8;359.8,356;355;355;355,368;368;368;368,362.2;362.2;362.2;362.2,704;704;869;704,857;971;1103;843,766.2;871.8;981.9;762.8,581;581;581;581,875;950;955;872,683.3;676.9;710.0;681.0,46;46;46;46,100;101;100;100,59.5;59.7;59.5;59.5,575;575;575;575,1035;1105;1208;1025,688.4;703.9;734.6;687.7,575;575;575;575,989;908;984;989,706.3;692.9;705.2;704.1,354;354;354;354,781;935;1012;781,499.0;521.8;518.8;497.8,357;357;357;357,630;710;683;630,513.2;558.0;544.0;513.2,2194;2212;2247;2194,2534;2660;2729;2524,2406.9;2476.6;2502.6;2402.8
2026-07-11T20:40:47.158857+00:00,rmat4.4x4.lb.mtx,16,108,4x4,1,False,5,12,3,3,10,True,1486,1467,19555,16,108,directed_source_visited,875000000.0,2.234857142857143e-05,0.004832523651240091,346;355;355,523;364;364,474.5;359.8;359.8,356;355;355,368;368;368,362.2;362.2;362.2,704;843;704,985;1134;941,790.2;1010.2;823.2,581;581;581,1005;936;997,721.5;680.8;691.2,46;46;46,101;101;100,59.7;59.6;59.5,575;575;575,1103;1123;1165,729.6;706.9;720.2,575;575;575,1020;987;980,684.8;707.1;689.1,354;354;354,892;877;977,508.9;502.8;533.9,357;357;357,654;513;708,548.2;447.8;528.8,2218;2077;2204,2689;2594;2664,2471.6;2364.5;2472.0
2026-07-11T20:40:56.893040+00:00,rmat4.4x4.lb.mtx,16,108,4x4,1,False,6,5,3,3,10,True,1485,1467,20094,16,108,directed_source_visited,875000000.0,2.296457142857143e-05,0.004702896386981188,346;355;355,523;364;364,474.5;359.8;359.8,356;355;355,368;368;368,362.2;362.2;362.2,704;835;704,937;1148;1039,777.4;959.9;902.3,581;581;581,1009;1111;1095,700.1;713.2;710.8,46;46;46,101;101;100,59.6;59.7;59.5,575;575;575,1178;1153;1263,718.2;732.1;713.2,575;575;575,988;1054;909,718.3;691.0;683.6,354;354;354,1000;902;887,535.9;514.1;535.2,357;357;357,734;700;677,549.5;534.0;539.2,2204;2156;2204,2705;2679;2762,2521.9;2471.2;2471.4
2026-07-11T20:41:06.583965+00:00,rmat4.4x4.lb.mtx,16,108,4x4,1,False,7,4,3,3,10,True,1486,1467,20063,16,108,directed_source_visited,875000000.0,2.2929142857142857e-05,0.0047101629865922345,346;355;355,523;364;364,474.5;359.8;359.8,356;355;355,368;368;368,362.2;362.2;362.2,704;869;704,1049;1182;941,794.2;1023.9;796.1,581;581;581,1164;1063;997,719.2;703.5;702.5,46;46;46,101;101;100,59.7;59.6;59.5,575;575;575,1310;1082;1165,754.7;717.0;727.2,575;575;575,1259;1026;907,784.8;695.2;681.8,354;354;354,1000;782;971,540.4;498.8;537.7,357;357;357,495;674;685,438.0;549.0;541.2,2059;2214;2204,2737;2632;2688,2517.9;2460.0;2487.9
2026-07-11T20:41:16.784253+00:00,rmat4.4x4.lb.mtx,16,108,4x4,1,False,8,10,3,3,10,True,1485,1467,19866,16,108,directed_source_visited,875000000.0,2.2704e-05,0.004756871035940803,346;355;355,523;364;364,474.5;359.8;359.8,356;355;355,368;368;368,362.2;362.2;362.2,704;728;771,921;1114;1089,769.2;923.5;941.0,581;581;581,1008;1018;1078,696.6;739.1;698.1,46;46;46,100;101;100,59.5;59.7;59.5,575;575;575,1149;1084;1243,736.2;731.1;723.9,575;575;575,907;999;907,683.2;701.6;690.9,354;354;354,959;852;937,540.7;490.9;537.8,357;357;357,741;537;727,544.5;474.0;573.8,2204;2101;2235,2676;2581;2773,2504.7;2397.7;2526.4
2026-07-11T20:41:26.887622+00:00,rmat4.4x4.lb.mtx,16,108,4x4,1,False,9,13,3,3,10,True,1486,1468,19539,16,108,directed_source_visited,875000000.0,2.2330285714285714e-05,0.004836480884385076,346;355;355,523;364;364,474.5;359.8;359.8,356;355;355,368;368;368,362.2;362.2;362.2,704;835;771,947;1083;1027,781.4;962.3;899.8,581;581;581,1011;961;959,693.9;690.4;688.1,46;46;46,101;101;100,59.6;59.7;59.5,575;575;575,1126;1130;1142,734.6;713.5;703.7,575;575;575,1068;986;975,690.8;722.2;688.9,354;354;354,941;966;808,529.8;499.4;507.3,357;357;357,832;522;668,602.0;426.5;542.8,2276;2086;2229,2738;2561;2641,2557.2;2361.6;2442.7
2026-07-11T20:41:37.587840+00:00,rmat4.4x4.lb.mtx,16,108,4x4,1,False,10,14,4,4,10,True,1486,1467,24720,16,108,directed_source_visited,875000000.0,2.825142857142857e-05,0.0038228155339805826,346;355;355;355,523;364;364;364,474.5;359.8;359.8;359.8,356;355;355;355,368;368;368;368,362.2;362.2;362.2;362.2,704;835;771;704,921;1083;1053;843,770.2;942.2;924.9;754.4,581;581;581;581,1011;960;1019;937,685.4;700.3;700.6;679.2,46;46;46;46,100;101;100;100,59.5;59.7;59.5;59.5,575;575;575;575,1126;1128;1160;1078,724.9;722.0;711.1;717.5,575;575;575;575,985;1022;920;975,685.7;717.4;684.1;684.1,354;354;354;354,824;964;901;806,502.0;505.1;531.6;505.3,357;357;357;357,700;521;691;712,532.2;426.2;546.2;559.0,2144;2085;2204;2217,2606;2560;2685;2601,2444.8;2370.8;2473.0;2465.9
2026-07-11T20:41:47.255592+00:00,rmat4.4x4.lb.mtx,16,108,4x4,1,False,11,0,3,3,10,True,1486,1467,19688,16,108,directed_source_visited,875000000.0,2.2500571428571427e-05,0.004799878098334011,346;355;355,523;364;364,474.5;359.8;359.8,356;355;355,368;368;368,362.2;362.2;362.2,704;910;704,1049;1168;893,802.2;1035.9;773.2,581;581;581,995;988;988,724.5;706.9;689.0,46;46;46,101;101;100,59.7;59.6;59.5,575;575;575,1164;1144;1117,703.4;725.3;726.0,575;575;575,1081;984;940,721.1;717.8;688.4,354;354;354,817;977;923,505.1;521.1;523.9,357;357;357,559;666;727,461.0;535.5;538.0,2123;2230;2204,2595;2762;2640,2390.6;2499.6;2476.3
2026-07-11T20:41:57.771700+00:00,rmat4.4x4.lb.mtx,16,108,4x4,1,False,12,1,3,3,10,True,1486,1467,19300,16,108,directed_source_visited,875000000.0,2.2057142857142856e-05,0.004896373056994819,346;355;355,523;364;364,474.5;359.8;359.8,356;355;355,368;368;368,362.2;362.2;362.2,704;795;821,921;1069;1089,777.4;940.7;925.1,581;581;581,910;907;1032,690.8;676.9;702.9,46;46;46,101;101;100,59.6;59.7;59.5,575;575;575,1035;1077;1161,693.2;710.8;744.8,575;575;575,1002;974;977,703.4;712.8;694.5,354;354;354,781;861;955,487.9;497.9;511.2,357;357;357,509;497;765,435.8;436.2;569.0,2073;2061;2253,2466;2562;2734,2320.3;2357.8;2519.5
2026-07-11T20:42:09.250630+00:00,rmat4.4x4.lb.mtx,16,108,4x4,1,False,13,7,4,4,10,True,1485,1466,24747,16,108,directed_source_visited,875000000.0,2.8282285714285714e-05,0.003818644684204146,346;355;355;355,523;364;364;364,474.5;359.8;359.8;359.8,356;355;355;355,368;368;368;368,362.2;362.2;362.2;362.2,704;704;843;704,921;1083;1103;843,765.2;873.8;977.2;754.4,581;581;581;581,958;1087;957;937,692.8;750.1;688.9;679.2,46;46;46;46,101;101;100;100,59.6;59.6;59.5;59.5,575;575;575;575,1104;1058;1162;1078,714.1;699.8;725.7;717.5,575;575;575;575,1053;989;973;975,728.3;696.0;716.8;684.1,354;354;354;354,939;781;997;806,504.5;497.4;532.2;505.3,357;357;357;357,488;634;666;712,413.5;512.2;522.8;559.0,2052;2196;2219;2217,2524;2562;2731;2601,2360.4;2405.4;2497.4;2465.9
2026-07-11T20:42:18.704391+00:00,rmat4.4x4.lb.mtx,16,108,4x4,1,False,14,9,3,3,10,True,1486,1467,19687,16,108,directed_source_visited,875000000.0,2.2499428571428572e-05,0.004800121907857977,346;355;355,523;364;364,474.5;359.8;359.8,356;355;355,368;368;368,362.2;362.2;362.2,704;821;728,937;1148;1010,789.4;987.2;850.6,581;581;581,1008;961;999,708.8;689.0;709.2,46;46;46,101;101;100,59.6;59.6;59.5,575;575;575,1146;1220;1066,741.2;713.2;719.2,575;575;575,907;977;1017,680.8;700.0;687.3,354;354;354,959;790;890,524.7;510.5;523.4,357;357;357,544;682;703,457.5;558.5;562.8,2108;2246;2241,2608;2719;2687,2404.2;2482.2;2492.6
2026-07-11T20:42:28.096564+00:00,rmat4.4x4.lb.mtx,16,108,4x4,1,False,15,6,3,3,10,True,1486,1468,19695,16,108,directed_source_visited,875000000.0,2.2508571428571428e-05,0.004798172124904798,346;355;355,523;364;364,474.5;359.8;359.8,356;355;355,368;368;368,362.2;362.2;362.2,704;821;728,985;1131;1027,774.2;956.8;908.3,581;581;581,912;1042;956,694.3;693.4;700.6,46;46;46,100;101;100,59.5;59.7;59.5,575;575;575,1049;1239;1098,697.0;730.5;702.0,575;575;575,988;908;972,718.8;697.9;685.8,354;354;354,939;967;807,528.9;542.0;518.3,357;357;357,716;713;722,568.2;559.8;569.5,2280;2207;2284,2687;2741;2604,2512.9;2530.1;2475.6
2026-07-11T21:07:48.502690+00:00,rmat_s8_e4.mtx,256,1490,8x8,1,True,0,184,5,5,15,True,1470,10444,99937,189,743,undirected_dedup,875000000.0,0.00011421371428571429,0.0065053483694727686,377;385;385;385;385,1521;402;402;402;402,1361.9;393.4;393.4;393.4;393.4,389;385;385;385;385,398;406;406;406;406,394.0;394.2;394.2;394.2;394.2,2072;2072;2072;2072;2072,4328;5689;9359;5567;4328,2843.3;2942.6;3640.0;3124.5;2842.8,612;612;612;612;612,1968;2822;4277;2376;1974,1096.9;1409.8;1830.7;1255.4;1099.7,47;47;47;47;47,1148;1228;1204;1148;1144,184.2;189.8;190.0;184.2;184.1,575;575;575;575;575,2918;3958;6885;3873;2914,1325.3;1488.1;2456.1;1523.6;1324.6,575;575;575;575;575,2149;3338;3997;2502;2152,1030.3;1294.5;1685.6;1240.4;1029.5,357;357;357;357;357,2423;3612;4271;2776;2426,1031.6;1307.8;1570.3;1154.7;1031.6,357;357;357;357;357,1821;2901;5591;2590;1817,790.0;1113.8;1999.6;1057.5;789.0,2024;2024;2024;2024;2024,5329;6774;10356;6524;5329,4177.2;5204.2;7711.7;4976.2;4174.7
2026-07-11T21:08:46.021018+00:00,rmat_s8_e4.mtx,256,1490,8x8,1,True,1,14,5,5,15,True,1537,10444,101138,189,743,undirected_dedup,875000000.0,0.00011558628571428571,0.006428098242005972,377;385;385;385;385,1521;402;402;402;402,1361.9;393.4;393.4;393.4;393.4,389;385;385;385;385,398;406;406;406;406,394.0;394.2;394.2;394.2;394.2,2072;2072;2072;2072;2072,4537;6700;8810;5162;4328,2845.3;2994.9;3646.9;3046.5;2841.8,612;612;612;612;612,2049;3573;4234;2206;1974,1112.2;1530.8;1800.3;1176.4;1099.7,47;47;47;47;47,1156;1232;1196;1148;1144,184.4;190.5;189.2;184.2;184.1,575;575;575;575;575,3135;4751;6451;3627;2914,1331.8;1638.5;2440.0;1467.7;1325.7,575;575;575;575;575,2366;4612;3255;2152;2152,1092.6;1494.1;1540.0;1158.9;1029.5,357;357;357;357;357,2640;4886;3177;2940;2426,1089.0;1577.4;1318.6;1160.2;1031.6,357;357;357;357;357,2038;3626;5184;2346;1817,863.4;1335.1;1872.4;985.5;789.0,2024;2024;2024;2024;2024,5546;7751;9791;6140;5329,4376.8;6045.2;7171.0;4772.3;4175.8
2026-07-11T21:09:45.154572+00:00,rmat_s8_e4.mtx,256,1490,8x8,1,True,2,3,5,5,15,True,1537,10444,99923,189,743,undirected_dedup,875000000.0,0.00011419771428571428,0.006506259820061448,377;385;385;385;385,1521;402;402;402;402,1361.9;393.4;393.4;393.4;393.4,389;385;385;385;385,398;406;406;406;406,394.0;394.2;394.2;394.2;394.2,2072;2072;2072;2072;2072,4729;7833;7939;4328;4328,2864.3;3245.8;3544.3;2901.8;2841.8,612;612;612;612;612,2049;3876;3712;1974;1974,1155.7;1729.7;1619.4;1110.5;1099.7,47;47;47;47;47,1176;1240;1180;1148;1144,185.5;191.9;186.7;184.2;184.1,575;575;575;575;575,3339;5699;5564;2939;2914,1395.5;1936.2;2165.4;1356.3;1325.7,575;575;575;575;575,2570;4273;2971;2007;2152,1106.7;1564.7;1470.6;1014.7;1029.5,357;357;357;357;357,2844;4547;3245;2202;2426,1123.9;1582.6;1321.0;991.8;1031.6,357;357;357;357;357,2089;4494;4442;1775;1817,891.0;1651.5;1609.1;767.0;789.0,2024;2024;2024;2024;2024,5750;8892;8900;5290;5329,4517.1;6735.0;6566.0;4129.9;4175.8
2026-07-11T21:10:37.190788+00:00,rmat_s8_e4.mtx,256,1490,8x8,1,True,3,108,5,5,15,True,1499,10444,100044,189,743,undirected_dedup,875000000.0,0.000114336,0.006498390708088441,377;385;385;385;385,1521;402;402;402;402,1361.9;393.4;393.4;393.4;393.4,389;385;385;385;385,398;406;406;406;406,394.0;394.2;394.2;394.2;394.2,2072;2072;2072;2072;2072,4328;4537;8247;7486;4395,2844.3;2871.0;3252.5;3524.2;2889.8,612;612;612;612;612,1968;1994;5003;3099;1974,1095.8;1102.8;1903.6;1453.3;1119.2,47;47;47;47;47,1152;1188;1236;1168;1144,184.3;185.6;192.2;186.2;184.1,575;575;575;575;575,2918;3100;5782;5475;2981,1325.7;1347.6;1921.2;2235.5;1309.6,575;575;575;575;575,2149;2405;4981;2363;2152,1029.6;1083.4;1682.8;1345.8;1029.5,357;357;357;357;357,2423;2679;5255;2541;2426,1031.4;1092.3;1718.5;1137.5;1036.4,357;357;357;357;357,1821;2070;4589;4120;1884,790.5;871.8;1621.8;1584.9;799.8,2024;2024;2024;2024;2024,5329;5582;9320;8451;5349,4177.2;4395.0;6944.2;6303.7;4175.3
2026-07-11T21:11:31.399968+00:00,rmat_s8_e4.mtx,256,1490,8x8,1,True,4,61,5,5,15,True,1539,10444,100446,189,743,undirected_dedup,875000000.0,0.00011479542857142858,0.006472383171057085,377;385;385;385;385,1521;402;402;402;402,1361.9;393.4;393.4;393.4;393.4,389;385;385;385;385,398;406;406;406;406,394.0;394.2;394.2;394.2;394.2,2072;2072;2072;2072;2072,4328;5689;9864;5195;4328,2844.5;3021.2;3638.2;3056.2;2842.8,612;612;612;612;612,1968;2836;4563;2206;1974,1095.5;1334.0;1971.0;1197.6;1099.7,47;47;47;47;47,1148;1240;1192;1148;1144,184.3;190.9;188.8;184.2;184.1,575;575;575;575;575,2918;3970;7268;3660;2914,1325.7;1483.4;2542.0;1521.5;1324.6,575;575;575;575;575,2149;3130;4281;2152;2152,1029.7;1269.8;1746.5;1156.9;1029.5,357;357;357;357;357,2423;3883;4555;2558;2426,1031.4;1346.7;1638.8;1104.1;1031.6,357;357;357;357;357,1821;2909;5994;2379;1817,790.5;1112.5;2140.0;991.9;789.0,2024;2024;2024;2024;2024,5329;6786;10849;6196;5329,4177.2;5212.4;8067.3;4774.3;4174.7
2026-07-11T21:12:29.086255+00:00,rmat_s8_e4.mtx,256,1490,8x8,1,True,5,52,5,5,15,True,1539,10444,99975,189,743,undirected_dedup,875000000.0,0.00011425714285714286,0.0065028757189297326,377;385;385;385;385,1521;402;402;402;402,1361.9;393.4;393.4;393.4;393.4,389;385;385;385;385,398;406;406;406;406,394.0;394.2;394.2;394.2;394.2,2072;2072;2072;2072;2072,4328;5930;9661;4935;4328,2846.5;3050.1;3644.2;3018.2;2842.8,612;612;612;612;612,1968;2915;4457;2206;1974,1093.5;1353.6;1964.2;1168.1;1099.7,47;47;47;47;47,1152;1236;1192;1148;1144,184.4;191.2;188.4;184.2;184.1,575;575;575;575;575,2922;4207;7079;3400;2914,1326.2;1527.4;2538.3;1484.4;1324.6,575;575;575;575;575,2153;3367;3823;2152;2152,1030.6;1301.2;1692.6;1106.2;1029.5,357;357;357;357;357,2427;4120;4097;2596;2426,1032.3;1400.6;1538.9;1096.8;1031.6,357;357;357;357;357,1825;3067;5870;2119;1817,792.0;1171.2;2095.8;894.4;789.0,2024;2024;2024;2024;2024,5333;7023;10646;5936;5329,4181.1;5400.4;7865.6;4581.8;4174.7
2026-07-11T21:13:24.219873+00:00,rmat_s8_e4.mtx,256,1490,8x8,1,True,6,7,6,6,15,True,1537,10444,113793,189,743,undirected_dedup,875000000.0,0.00013004914285714286,0.005713224890810506,377;385;385;385;385;385,1521;402;402;402;402;402,1361.9;393.4;393.4;393.4;393.4;393.4,389;385;385;385;385;385,398;406;406;406;406;406,394.0;394.2;394.2;394.2;394.2;394.2,2072;2072;2072;2072;2072;2072,4473;5271;9239;6016;4328;4328,2849.1;2938.0;3520.7;3232.7;2858.5;2841.8,612;612;612;612;612;612,2049;2144;4678;2590;1974;1974,1130.7;1279.5;1876.1;1311.9;1112.3;1099.7,47;47;47;47;47;47,1152;1204;1228;1156;1148;1144,184.6;187.5;191.3;184.8;184.2;184.1,575;575;575;575;575;575,2986;3836;6685;4276;2914;2914,1342.5;1462.7;2250.0;1764.2;1339.9;1325.7,575;575;575;575;575;575,2298;2497;4854;2015;2085;2152,1074.3;1212.6;1728.4;1214.7;1031.6;1029.5,357;357;357;357;357;357,2572;2771;5518;2206;2359;2426,1063.5;1147.5;1804.7;1047.8;1017.2;1031.6,357;357;357;357;357;357,1885;2582;5349;3431;1750;1817,806.0;1076.5;1893.1;1301.4;757.6;789.0,2024;2024;2024;2024;2024;2024,5478;6332;10248;7041;5329;5329,4286.3;4899.3;7676.2;5328.0;4146.4;4175.8
2026-07-11T21:14:25.084487+00:00,rmat_s8_e4.mtx,256,1490,8x8,1,True,7,139,6,6,15,True,1498,10444,113922,189,743,undirected_dedup,875000000.0,0.00013019657142857144,0.0057067554993767665,377;385;385;385;385;385,1521;402;402;402;402;402,1361.9;393.4;393.4;393.4;393.4;393.4,389;385;385;385;385;385,398;406;406;406;406;406,394.0;394.2;394.2;394.2;394.2;394.2,2072;2072;2072;2072;2072;2072,4328;5177;9348;6192;4328;4328,2843.3;2901.8;3425.4;3354.9;2870.5;2841.8,612;612;612;612;612;612,1968;2119;4788;2728;1974;1974,1106.9;1203.7;1935.5;1338.5;1089.5;1099.7,47;47;47;47;47;47,1148;1204;1220;1156;1148;1144,184.2;187.1;191.6;185.2;184.2;184.1,575;575;575;575;575;575,2918;3742;6732;4478;2914;2914,1333.6;1433.7;2263.6;1795.3;1335.6;1325.7,575;575;575;575;575;575,2068;3061;5002;2040;2018;2152,1025.7;1263.6;1762.2;1225.9;1023.9;1029.5,357;357;357;357;357;357,2342;3335;5276;2314;2292;2426,1017.4;1241.3;1774.9;1085.9;1008.6;1031.6,357;357;357;357;357;357,1821;2356;5597;3222;1817;1817,790.5;979.1;2032.2;1223.6;789.0;789.0,2024;2024;2024;2024;2024;2024,5329;6238;10369;7199;5285;5329,4167.2;4917.8;7833.0;5330.7;4157.1;4175.8
